Date,Adj_Close,Close,High,Low,Open,Volume
,AAPL,AAPL,AAPL,AAPL,AAPL,AAPL
2025-10-13 13:30:00+00:00,246.8000030517578,246.8000030517578,249.49000549316406,245.55999755859375,249.3800048828125,4879503
2025-10-13 13:45:00+00:00,246.6199951171875,246.6199951171875,247.58999633789062,246.10000610351562,246.8000030517578,1665798
2025-10-13 14:00:00+00:00,247.36000061035156,247.36000061035156,247.6282958984375,246.52000427246094,246.63499450683594,1680478
2025-10-13 14:15:00+00:00,246.37600708007812,246.37600708007812,247.52000427246094,246.10000610351562,247.38999938964844,1133603
2025-10-13 14:30:00+00:00,246.99000549316406,246.99000549316406,247.4499969482422,246.22999572753906,246.3699951171875,1054467
2025-10-13 14:45:00+00:00,246.94000244140625,246.94000244140625,247.58999633789062,246.75,246.99000549316406,882798
2025-10-13 15:00:00+00:00,247.52999877929688,247.52999877929688,247.85000610351562,246.66000366210938,246.94000244140625,1457566
2025-10-13 15:15:00+00:00,248.59030151367188,248.59030151367188,248.65989685058594,247.2100067138672,247.52999877929688,2421959
2025-10-13 15:30:00+00:00,248.55499267578125,248.55499267578125,248.99000549316406,248.36000061035156,248.6199951171875,1016594
2025-10-13 15:45:00+00:00,248.77999877929688,248.77999877929688,248.94000244140625,248.52000427246094,248.55499267578125,597641
2025-10-13 16:00:00+00:00,249.11900329589844,249.11900329589844,249.1999969482422,248.74009704589844,248.7899932861328,713516
2025-10-13 16:15:00+00:00,249.17999267578125,249.17999267578125,249.6199951171875,248.97999572753906,249.13999938964844,787836
2025-10-13 16:30:00+00:00,248.67449951171875,248.67449951171875,249.22000122070312,248.6199951171875,249.1699981689453,641266
2025-10-13 16:45:00+00:00,249.5500030517578,249.5500030517578,249.60000610351562,248.5500030517578,248.68499755859375,696094
2025-10-13 17:00:00+00:00,249.0500030517578,249.0500030517578,249.68930053710938,248.98500061035156,249.55999755859375,581327
2025-10-13 17:15:00+00:00,249.1042022705078,249.1042022705078,249.3000030517578,248.88999938964844,249.0491943359375,379577
2025-10-13 17:30:00+00:00,248.89500427246094,248.89500427246094,249.1790008544922,248.88999938964844,249.08999633789062,461789
2025-10-13 17:45:00+00:00,249.0399932861328,249.0399932861328,249.07000732421875,248.68800354003906,248.8699951171875,401593
2025-10-13 18:00:00+00:00,248.82000732421875,248.82000732421875,249.125,248.80999755859375,249.0399932861328,651491
2025-10-13 18:15:00+00:00,249.1461944580078,249.1461944580078,249.32000732421875,248.8300018310547,248.8300018310547,660875
2025-10-13 18:30:00+00:00,248.61000061035156,248.61000061035156,249.24000549316406,248.4600067138672,249.13999938964844,626517
2025-10-13 18:45:00+00:00,248.4600067138672,248.4600067138672,248.7100067138672,248.32000732421875,248.64999389648438,467075
2025-10-13 19:00:00+00:00,248.41000366210938,248.41000366210938,248.63999938964844,248.1300048828125,248.4600067138672,578685
2025-10-13 19:15:00+00:00,248.32000732421875,248.32000732421875,248.7115020751953,248.25,248.42999267578125,638432
2025-10-13 19:30:00+00:00,248.52000427246094,248.52000427246094,248.58999633789062,248.14500427246094,248.32000732421875,740890
2025-10-13 19:45:00+00:00,247.58999633789062,247.58999633789062,248.5364990234375,247.3300018310547,248.52999877929688,3045832
2025-10-14 13:30:00+00:00,245.05079650878906,245.05079650878906,247.13999938964844,244.6999969482422,246.61500549316406,3205847
2025-10-14 13:45:00+00:00,246.24000549316406,246.24000549316406,246.33450317382812,244.7899932861328,245.0500030517578,1325485
2025-10-14 14:00:00+00:00,246.41000366210938,246.41000366210938,246.7899932861328,245.86749267578125,246.24000549316406,1233856
2025-10-14 14:15:00+00:00,247.02000427246094,247.02000427246094,247.22999572753906,246.30999755859375,246.40499877929688,1135961
2025-10-14 14:30:00+00:00,247.18499755859375,247.18499755859375,247.5,246.95010375976562,247.0,908660
2025-10-14 14:45:00+00:00,247.25999450683594,247.25999450683594,247.6999969482422,247.0,247.18499755859375,874750
2025-10-14 15:00:00+00:00,246.6999969482422,246.6999969482422,247.74989318847656,246.63499450683594,247.25999450683594,735727
2025-10-14 15:15:00+00:00,246.21400451660156,246.21400451660156,246.6999969482422,246.1199951171875,246.6999969482422,773293
2025-10-14 15:30:00+00:00,246.97000122070312,246.97000122070312,247.1699981689453,246.1699981689453,246.22999572753906,1085110
2025-10-14 15:45:00+00:00,247.3800048828125,247.3800048828125,247.4600067138672,246.94009399414062,246.99000549316406,509472
2025-10-14 16:00:00+00:00,247.05499267578125,247.05499267578125,247.41070556640625,246.85000610351562,247.36000061035156,469436
2025-10-14 16:15:00+00:00,247.38999938964844,247.38999938964844,247.75,247.05999755859375,247.05999755859375,659995
2025-10-14 16:30:00+00:00,247.64999389648438,247.64999389648438,247.7100067138672,247.38499450683594,247.38999938964844,480147
2025-10-14 16:45:00+00:00,247.5800018310547,247.5800018310547,248.035400390625,247.57000732421875,247.66000366210938,636181
2025-10-14 17:00:00+00:00,247.49000549316406,247.49000549316406,247.85000610351562,247.46499633789062,247.59500122070312,466853
2025-10-14 17:15:00+00:00,247.79800415039062,247.79800415039062,247.89999389648438,247.49000549316406,247.5,465585
2025-10-14 17:30:00+00:00,247.61000061035156,247.61000061035156,247.82000732421875,247.17999267578125,247.80999755859375,613560
2025-10-14 17:45:00+00:00,247.59500122070312,247.59500122070312,247.77479553222656,247.40020751953125,247.60499572753906,453112
2025-10-14 18:00:00+00:00,247.43499755859375,247.43499755859375,247.7050018310547,247.30819702148438,247.5800018310547,509622
2025-10-14 18:15:00+00:00,247.48500061035156,247.48500061035156,247.53500366210938,247.19000244140625,247.42999267578125,556302
2025-10-14 18:30:00+00:00,247.49000549316406,247.49000549316406,247.61349487304688,247.14439392089844,247.49000549316406,511691
2025-10-14 18:45:00+00:00,247.94000244140625,247.94000244140625,247.9600067138672,247.35000610351562,247.47999572753906,825325
2025-10-14 19:00:00+00:00,248.0449981689453,248.0449981689453,248.75,247.9250030517578,247.94000244140625,1548068
2025-10-14 19:15:00+00:00,248.4199981689453,248.4199981689453,248.42999267578125,247.89999389648438,248.0449981689453,937646
2025-10-14 19:30:00+00:00,247.08999633789062,247.08999633789062,248.84500122070312,246.77000427246094,248.42999267578125,1960201
2025-10-14 19:45:00+00:00,247.85000610351562,247.85000610351562,248.02000427246094,246.72999572753906,247.05999755859375,2522058
2025-10-15 13:30:00+00:00,249.55999755859375,249.55999755859375,250.63499450683594,248.63999938964844,249.3800048828125,4132456
2025-10-15 13:45:00+00:00,250.77499389648438,250.77499389648438,250.8000030517578,249.32749938964844,249.5500030517578,1242158
2025-10-15 14:00:00+00:00,250.84500122070312,250.84500122070312,251.82000732421875,250.75,250.75,1816256
2025-10-15 14:15:00+00:00,250.85000610351562,250.85000610351562,251.50999450683594,250.77000427246094,250.8699951171875,972661
2025-10-15 14:30:00+00:00,250.82000732421875,250.82000732421875,251.4691925048828,250.63999938964844,250.8699951171875,976417
2025-10-15 14:45:00+00:00,250.5377960205078,250.5377960205078,250.85499572753906,250.27999877929688,250.82000732421875,740172
2025-10-15 15:00:00+00:00,250.4199981689453,250.4199981689453,250.8498992919922,250.3800048828125,250.5500030517578,776654
2025-10-15 15:15:00+00:00,249.85989379882812,249.85989379882812,250.58990478515625,249.8000030517578,250.39999389648438,937576
2025-10-15 15:30:00+00:00,249.44000244140625,249.44000244140625,249.8699951171875,249.0601043701172,249.82000732421875,798980
2025-10-15 15:45:00+00:00,248.97000122070312,248.97000122070312,249.44000244140625,248.72000122070312,249.44000244140625,816271
2025-10-15 16:00:00+00:00,249.85000610351562,249.85000610351562,249.85000610351562,248.91000366210938,248.9550018310547,612582
2025-10-15 16:15:00+00:00,249.77499389648438,249.77499389648438,250.04969787597656,249.6540069580078,249.85499572753906,651677
2025-10-15 16:30:00+00:00,249.4774932861328,249.4774932861328,249.9499053955078,249.4499969482422,249.77999877929688,453821
2025-10-15 16:45:00+00:00,248.9499969482422,248.9499969482422,249.49000549316406,248.7100067138672,249.47500610351562,543878
2025-10-15 17:00:00+00:00,247.83999633789062,247.83999633789062,249.02000427246094,247.8300018310547,248.9600067138672,652875
2025-10-15 17:15:00+00:00,248.0904998779297,248.0904998779297,248.3249969482422,247.47999572753906,247.81170654296875,639717
2025-10-15 17:30:00+00:00,249.1199951171875,249.1199951171875,249.14999389648438,248.0500030517578,248.10499572753906,603403
2025-10-15 17:45:00+00:00,249.47999572753906,249.47999572753906,249.72000122070312,249.11000061035156,249.14999389648438,534148
2025-10-15 18:00:00+00:00,249.41000366210938,249.41000366210938,249.63499450683594,249.20799255371094,249.51040649414062,432583
2025-10-15 18:15:00+00:00,249.64700317382812,249.64700317382812,249.8000030517578,249.4066925048828,249.42999267578125,364078
2025-10-15 18:30:00+00:00,249.71800231933594,249.71800231933594,249.86000061035156,249.47999572753906,249.64999389648438,390717
2025-10-15 18:45:00+00:00,249.94500732421875,249.94500732421875,249.99000549316406,249.6300048828125,249.7050018310547,453657
2025-10-15 19:00:00+00:00,249.75999450683594,249.75999450683594,250.0,249.49000549316406,249.9600067138672,645515
2025-10-15 19:15:00+00:00,249.9199981689453,249.9199981689453,250.10000610351562,249.75,249.75079345703125,649570
2025-10-15 19:30:00+00:00,249.49000549316406,249.49000549316406,250.07000732421875,249.08999633789062,249.92999267578125,725403
2025-10-15 19:45:00+00:00,249.42999267578125,249.42999267578125,249.49099731445312,248.1699981689453,249.49099731445312,3503770
2025-10-16 13:30:00+00:00,248.11099243164062,248.11099243164062,248.3800048828125,246.6199951171875,248.27000427246094,4726905
2025-10-16 13:45:00+00:00,247.5,247.5,248.33999633789062,247.30999755859375,248.1199951171875,2006551
2025-10-16 14:00:00+00:00,247.14999389648438,247.14999389648438,247.67999267578125,246.9199981689453,247.5,1677537
2025-10-16 14:15:00+00:00,247.50999450683594,247.50999450683594,247.72999572753906,246.86000061035156,247.14500427246094,1153064
2025-10-16 14:30:00+00:00,248.5449981689453,248.5449981689453,248.7899932861328,247.48170471191406,247.49000549316406,1444066
2025-10-16 14:45:00+00:00,248.60000610351562,248.60000610351562,248.91000366210938,247.9698028564453,248.57000732421875,1268401
2025-10-16 15:00:00+00:00,248.9499053955078,248.9499053955078,248.9499053955078,248.02000427246094,248.6199951171875,1043797
2025-10-16 15:15:00+00:00,248.23500061035156,248.23500061035156,249.0399932861328,247.88999938964844,248.9199981689453,1070668
2025-10-16 15:30:00+00:00,247.99000549316406,247.99000549316406,248.66310119628906,247.80999755859375,248.1699981689453,757783
2025-10-16 15:45:00+00:00,247.97000122070312,247.97000122070312,248.33999633789062,247.50169372558594,247.99000549316406,738818
2025-10-16 16:00:00+00:00,247.99000549316406,247.99000549316406,248.1999969482422,247.66000366210938,247.9600067138672,564054
2025-10-16 16:15:00+00:00,247.72000122070312,247.72000122070312,247.99000549316406,247.03500366210938,247.97000122070312,1245339
2025-10-16 16:30:00+00:00,246.79409790039062,246.79409790039062,247.7100067138672,246.41009521484375,247.70010375976562,1139733
2025-10-16 16:45:00+00:00,247.64999389648438,247.64999389648438,247.67999267578125,246.0399932861328,246.77499389648438,1510919
2025-10-16 17:00:00+00:00,247.05999755859375,247.05999755859375,247.75,246.8699951171875,247.64999389648438,718254
2025-10-16 17:15:00+00:00,247.22000122070312,247.22000122070312,247.5,246.5800018310547,247.0,676302
2025-10-16 17:30:00+00:00,246.46859741210938,246.46859741210938,247.4199981689453,246.30999755859375,247.22000122070312,1080788
2025-10-16 17:45:00+00:00,246.56500244140625,246.56500244140625,246.67999267578125,246.1999969482422,246.47000122070312,693409
2025-10-16 18:00:00+00:00,245.61000061035156,245.61000061035156,246.6699981689453,245.3679962158203,246.5500030517578,947664
2025-10-16 18:15:00+00:00,245.66000366210938,245.66000366210938,245.9062042236328,245.25999450683594,245.55999755859375,1273885
2025-10-16 18:30:00+00:00,246.32000732421875,246.32000732421875,246.91000366210938,245.1300048828125,245.63999938964844,1083565
2025-10-16 18:45:00+00:00,246.60499572753906,246.60499572753906,246.70989990234375,246.17999267578125,246.36000061035156,786955
2025-10-16 19:00:00+00:00,246.6699981689453,246.6699981689453,247.02000427246094,246.41050720214844,246.60499572753906,737533
2025-10-16 19:15:00+00:00,246.5500030517578,246.5500030517578,246.9600067138672,246.2899932861328,246.67999267578125,995212
2025-10-16 19:30:00+00:00,247.0050048828125,247.0050048828125,247.0500030517578,246.35000610351562,246.55999755859375,848554
2025-10-16 19:45:00+00:00,247.42999267578125,247.42999267578125,247.91000366210938,246.7100067138672,246.99000549316406,2886395
2025-10-17 13:30:00+00:00,247.5699005126953,247.5699005126953,249.19000244140625,247.33999633789062,248.02000427246094,5817615
2025-10-17 13:45:00+00:00,248.41000366210938,248.41000366210938,248.88999938964844,247.27000427246094,247.5,1933964
2025-10-17 14:00:00+00:00,249.80999755859375,249.80999755859375,249.8800048828125,248.25999450683594,248.41000366210938,1300468
2025-10-17 14:15:00+00:00,249.5601043701172,249.5601043701172,250.32000732421875,249.17010498046875,249.82000732421875,2090946
2025-10-17 14:30:00+00:00,249.20010375976562,249.20010375976562,249.71499633789062,248.9499969482422,249.6439971923828,1109825
2025-10-17 14:45:00+00:00,248.87399291992188,248.87399291992188,249.86000061035156,248.6652069091797,249.2165069580078,707783
2025-10-17 15:00:00+00:00,248.69500732421875,248.69500732421875,249.58200073242188,248.69500732421875,248.88999938964844,725584
2025-10-17 15:15:00+00:00,248.47999572753906,248.47999572753906,249.0399932861328,248.22999572753906,248.74000549316406,916139
2025-10-17 15:30:00+00:00,249.08990478515625,249.08990478515625,249.11000061035156,248.09719848632812,248.47999572753906,1359312
2025-10-17 15:45:00+00:00,249.57749938964844,249.57749938964844,249.77999877929688,248.9499969482422,249.0780029296875,929305
2025-10-17 16:00:00+00:00,249.77999877929688,249.77999877929688,250.2100067138672,249.5399932861328,249.5399932861328,1034891
2025-10-17 16:15:00+00:00,250.29649353027344,250.29649353027344,250.35000610351562,249.4501953125,249.7899932861328,954206
2025-10-17 16:30:00+00:00,250.61639404296875,250.61639404296875,250.86000061035156,250.27520751953125,250.29330444335938,1335834
2025-10-17 16:45:00+00:00,251.1300048828125,251.1300048828125,251.36000061035156,250.44000244140625,250.63999938964844,1367905
2025-10-17 17:00:00+00:00,251.11000061035156,251.11000061035156,251.3300018310547,250.36000061035156,251.13209533691406,2163452
2025-10-17 17:15:00+00:00,250.81500244140625,250.81500244140625,251.1300048828125,250.61659240722656,251.10000610351562,1196769
2025-10-17 17:30:00+00:00,250.5,250.5,251.00999450683594,250.35000610351562,250.8000030517578,628402
2025-10-17 17:45:00+00:00,251.3000030517578,251.3000030517578,251.3699951171875,250.2449951171875,250.50010681152344,1033838
2025-10-17 18:00:00+00:00,251.83299255371094,251.83299255371094,252.02999877929688,251.31900024414062,251.31900024414062,1175437
2025-10-17 18:15:00+00:00,252.3000030517578,252.3000030517578,252.53500366210938,251.8011932373047,251.8249969482422,1115307
2025-10-17 18:30:00+00:00,251.75,251.75,252.44000244140625,251.75,252.2823944091797,840941
2025-10-17 18:45:00+00:00,252.27349853515625,252.27349853515625,252.30999755859375,251.6999969482422,251.77000427246094,770607
2025-10-17 19:00:00+00:00,252.62539672851562,252.62539672851562,252.63999938964844,252.10009765625,252.27999877929688,1156005
2025-10-17 19:15:00+00:00,252.75999450683594,252.75999450683594,252.82000732421875,252.36000061035156,252.6199951171875,1215102
2025-10-17 19:30:00+00:00,253.21499633789062,253.21499633789062,253.3800048828125,252.4199981689453,252.75,2152057
2025-10-17 19:45:00+00:00,252.3000030517578,252.3000030517578,253.341796875,252.1199951171875,253.22000122070312,5095731
2025-10-20 13:30:00+00:00,258.4599914550781,258.4599914550781,259.20001220703125,255.6300048828125,255.88499450683594,9237930
2025-10-20 13:45:00+00:00,258.9775085449219,258.9775085449219,259.8699951171875,257.739990234375,258.4700012207031,4505507
2025-10-20 14:00:00+00:00,258.6600036621094,258.6600036621094,259.56988525390625,258.0701904296875,258.8900146484375,3223610
2025-10-20 14:15:00+00:00,259.5050048828125,259.5050048828125,259.7699890136719,258.40008544921875,258.67999267578125,2559684
2025-10-20 14:30:00+00:00,259.70001220703125,259.70001220703125,260.3800048828125,259.07000732421875,259.489990234375,5149613
2025-10-20 14:45:00+00:00,261.5799865722656,261.5799865722656,261.6300048828125,259.6099853515625,259.71990966796875,3658370
2025-10-20 15:00:00+00:00,262.7699890136719,262.7699890136719,263.4700012207031,261.5199890136719,261.5799865722656,7691710
2025-10-20 15:15:00+00:00,262.57000732421875,262.57000732421875,263.54998779296875,262.239990234375,262.7900085449219,4190356
2025-10-20 15:30:00+00:00,263.5487976074219,263.5487976074219,263.5899963378906,262.4175109863281,262.54998779296875,2686920
2025-10-20 15:45:00+00:00,263.30999755859375,263.30999755859375,264.375,263.04998779296875,263.54998779296875,4230456
2025-10-20 16:00:00+00:00,263.11639404296875,263.11639404296875,264.2300109863281,263.0400085449219,263.3399963378906,3926377
2025-10-20 16:15:00+00:00,263.489990234375,263.489990234375,263.6499938964844,262.8100891113281,263.1000061035156,2921056
2025-10-20 16:30:00+00:00,262.79998779296875,262.79998779296875,263.70001220703125,262.7300109863281,263.4800109863281,2044545
2025-10-20 16:45:00+00:00,263.6199951171875,263.6199951171875,263.6700134277344,262.6499938964844,262.82000732421875,2114260
2025-10-20 17:00:00+00:00,263.3497009277344,263.3497009277344,264.2099914550781,263.260009765625,263.610107421875,2478023
2025-10-20 17:15:00+00:00,263.1650085449219,263.1650085449219,263.57000732421875,262.8808898925781,263.3219909667969,1452689
2025-10-20 17:30:00+00:00,263.0350036621094,263.0350036621094,263.2099914550781,262.9700012207031,263.17999267578125,935579
2025-10-20 17:45:00+00:00,262.92498779296875,262.92498779296875,263.3699951171875,262.82598876953125,263.0350036621094,1360733
2025-10-20 18:00:00+00:00,263.6701965332031,263.6701965332031,263.67999267578125,262.7900085449219,262.9200134277344,1335115
2025-10-20 18:15:00+00:00,263.7300109863281,263.7300109863281,263.8299865722656,263.3599853515625,263.6799011230469,1125372
2025-10-20 18:30:00+00:00,263.3699951171875,263.3699951171875,263.7550048828125,263.25,263.739990234375,1406498
2025-10-20 18:45:00+00:00,263.2799987792969,263.2799987792969,263.42999267578125,263.0400085449219,263.3699951171875,933735
2025-10-20 19:00:00+00:00,263.5,263.5,263.80999755859375,263.2005920410156,263.29998779296875,1642562
2025-10-20 19:15:00+00:00,263.4200134277344,263.4200134277344,263.6000061035156,263.2099914550781,263.5,1440482
2025-10-20 19:30:00+00:00,263.5350036621094,263.5350036621094,263.8500061035156,263.3800048828125,263.44000244140625,1976625
2025-10-20 19:45:00+00:00,262.2300109863281,262.2300109863281,263.7699890136719,261.92999267578125,263.5299987792969,6044842
2025-10-21 13:30:00+00:00,264.3999938964844,264.3999938964844,265.0,261.8800048828125,261.8800048828125,8575495
2025-10-21 13:45:00+00:00,263.80499267578125,263.80499267578125,265.2900085449219,262.94000244140625,264.4200134277344,4245025
2025-10-21 14:00:00+00:00,263.7900085449219,263.7900085449219,264.6400146484375,263.54010009765625,263.7900085449219,2475742
2025-10-21 14:15:00+00:00,263.4999084472656,263.4999084472656,264.25,263.2200012207031,263.7900085449219,1707318
2025-10-21 14:30:00+00:00,262.9100036621094,262.9100036621094,263.8299865722656,262.7699890136719,263.4599914550781,1363032
2025-10-21 14:45:00+00:00,263.0498962402344,263.0498962402344,263.239990234375,262.5299987792969,262.92999267578125,1304716
2025-10-21 15:00:00+00:00,262.9849853515625,262.9849853515625,263.4200134277344,262.70001220703125,263.0799865722656,1027018
2025-10-21 15:15:00+00:00,263.6619873046875,263.6619873046875,263.75299072265625,262.510009765625,263.0,1026499
2025-10-21 15:30:00+00:00,263.90850830078125,263.90850830078125,264.5350036621094,263.6700134277344,263.6700134277344,1553423
2025-10-21 15:45:00+00:00,264.1199951171875,264.1199951171875,264.2699890136719,263.80670166015625,263.9100036621094,1873746
2025-10-21 16:00:00+00:00,263.6249084472656,263.6249084472656,264.3869934082031,263.5,264.1099853515625,928128
2025-10-21 16:15:00+00:00,263.1700134277344,263.1700134277344,263.77301025390625,263.0801086425781,263.6300048828125,1158956
2025-10-21 16:30:00+00:00,263.2341003417969,263.2341003417969,263.409912109375,263.0899963378906,263.1600036621094,555923
2025-10-21 16:45:00+00:00,263.07000732421875,263.07000732421875,263.3699951171875,262.8500061035156,263.239990234375,822748
2025-10-21 17:00:00+00:00,263.55499267578125,263.55499267578125,263.6799011230469,262.8475036621094,263.06500244140625,711388
2025-10-21 17:15:00+00:00,263.3265075683594,263.3265075683594,263.5599060058594,263.1210021972656,263.5400085449219,581547
2025-10-21 17:30:00+00:00,263.6824951171875,263.6824951171875,263.8099060058594,263.2900085449219,263.3258056640625,582590
2025-10-21 17:45:00+00:00,263.760009765625,263.760009765625,263.8999938964844,263.5299987792969,263.6817932128906,884946
2025-10-21 18:00:00+00:00,263.8349914550781,263.8349914550781,264.04998779296875,263.739990234375,263.7782897949219,680698
2025-10-21 18:15:00+00:00,263.44989013671875,263.44989013671875,263.8544921875,262.1499938964844,263.8340148925781,1569861
2025-10-21 18:30:00+00:00,263.2799987792969,263.2799987792969,263.70001220703125,263.2449951171875,263.4495849609375,596311
2025-10-21 18:45:00+00:00,263.4200134277344,263.4200134277344,263.7381896972656,263.2699890136719,263.2900085449219,841431
2025-10-21 19:00:00+00:00,263.3349914550781,263.3349914550781,263.57000732421875,263.2225036621094,263.43499755859375,915949
2025-10-21 19:15:00+00:00,263.0849914550781,263.0849914550781,263.5,262.95001220703125,263.3349914550781,1077289
2025-10-21 19:30:00+00:00,262.9800109863281,262.9800109863281,263.2099914550781,262.8699951171875,263.0950012207031,978714
2025-10-21 19:45:00+00:00,262.8399963378906,262.8399963378906,263.1600036621094,262.4700012207031,262.9800109863281,2514304
2025-10-22 13:30:00+00:00,260.55499267578125,260.55499267578125,262.8500061035156,260.0299987792969,262.7900085449219,3894095
2025-10-22 13:45:00+00:00,260.3999938964844,260.3999938964844,261.1099853515625,259.92999267578125,260.55499267578125,2063061
2025-10-22 14:00:00+00:00,261.0387878417969,261.0387878417969,261.32000732421875,259.7200012207031,260.4125061035156,1802470
2025-10-22 14:15:00+00:00,260.0498962402344,260.0498962402344,261.3699951171875,259.9206848144531,261.0299987792969,1396041
2025-10-22 14:30:00+00:00,260.6499938964844,260.6499938964844,260.760009765625,259.7449951171875,260.0,1364071
2025-10-22 14:45:00+00:00,260.739990234375,260.739990234375,261.1300048828125,260.1700134277344,260.5899963378906,1014532
2025-10-22 15:00:00+00:00,259.67498779296875,259.67498779296875,260.760009765625,259.3900146484375,260.75,1253283
2025-10-22 15:15:00+00:00,258.4299011230469,258.4299011230469,259.7099914550781,257.6401062011719,259.6600036621094,2298328
2025-10-22 15:30:00+00:00,258.5799865722656,258.5799865722656,258.9991149902344,258.1000061035156,258.45001220703125,1334708
2025-10-22 15:45:00+00:00,259.30499267578125,259.30499267578125,259.489990234375,258.57110595703125,258.6000061035156,946138
2025-10-22 16:00:00+00:00,258.57000732421875,258.57000732421875,259.4100036621094,258.5299987792969,259.30499267578125,734592
2025-10-22 16:15:00+00:00,258.54998779296875,258.54998779296875,258.7488098144531,258.04998779296875,258.55999755859375,748483
2025-10-22 16:30:00+00:00,257.6600036621094,257.6600036621094,258.7699890136719,256.375,258.54998779296875,2112389
2025-10-22 16:45:00+00:00,257.6700134277344,257.6700134277344,258.2099914550781,257.0899963378906,257.67498779296875,855117
2025-10-22 17:00:00+00:00,257.1700134277344,257.1700134277344,257.8204040527344,257.1600036621094,257.6400146484375,643190
2025-10-22 17:15:00+00:00,256.69140625,256.69140625,257.239990234375,256.29998779296875,257.19000244140625,1068445
2025-10-22 17:30:00+00:00,255.74960327148438,255.74960327148438,256.787109375,255.67999267578125,256.6700134277344,1522054
2025-10-22 17:45:00+00:00,256.3500061035156,256.3500061035156,256.3500061035156,255.42999267578125,255.72999572753906,1171207
2025-10-22 18:00:00+00:00,256.510009765625,256.510009765625,256.8399963378906,256.2200927734375,256.30999755859375,788693
2025-10-22 18:15:00+00:00,256.5509948730469,256.5509948730469,257.0798034667969,256.260009765625,256.5,739089
2025-10-22 18:30:00+00:00,256.67999267578125,256.67999267578125,256.8699951171875,256.1400146484375,256.54998779296875,795483
2025-10-22 18:45:00+00:00,256.9700012207031,256.9700012207031,257.0190124511719,256.4100036621094,256.69000244140625,643875
2025-10-22 19:00:00+00:00,257.4849853515625,257.4849853515625,257.6199951171875,256.5,256.9599914550781,925097
2025-10-22 19:15:00+00:00,257.510009765625,257.510009765625,257.67999267578125,257.1400146484375,257.4849853515625,830686
2025-10-22 19:30:00+00:00,257.6000061035156,257.6000061035156,257.989990234375,257.42999267578125,257.5199890136719,1221543
2025-10-22 19:45:00+00:00,258.42999267578125,258.42999267578125,258.80999755859375,257.5299987792969,257.6099853515625,3041979
2025-10-23 13:30:00+00:00,258.5,258.5,260.1799011230469,258.1199951171875,259.8900146484375,2655705
2025-10-23 13:45:00+00:00,258.3500061035156,258.3500061035156,259.1400146484375,258.0101013183594,258.4849853515625,1449768
2025-10-23 14:00:00+00:00,259.20001220703125,259.20001220703125,259.2298889160156,258.1199951171875,258.3900146484375,1088719
2025-10-23 14:15:00+00:00,259.4798889160156,259.4798889160156,259.6300048828125,258.6700134277344,259.17169189453125,1056815
2025-10-23 14:30:00+00:00,259.32501220703125,259.32501220703125,259.5899963378906,259.0199890136719,259.4200134277344,612917
2025-10-23 14:45:00+00:00,259.6221923828125,259.6221923828125,259.6600036621094,258.7300109863281,259.32501220703125,921326
2025-10-23 15:00:00+00:00,259.0899963378906,259.0899963378906,259.67999267578125,258.9599914550781,259.6099853515625,640883
2025-10-23 15:15:00+00:00,259.3999938964844,259.3999938964844,259.42999267578125,258.95001220703125,259.0849914550781,677664
2025-10-23 15:30:00+00:00,259.239990234375,259.239990234375,259.85699462890625,259.0834045410156,259.3999938964844,1052326
2025-10-23 15:45:00+00:00,260.25,260.25,260.5299987792969,259.1499938964844,259.239990234375,1028407
2025-10-23 16:00:00+00:00,260.3900146484375,260.3900146484375,260.6199035644531,260.17059326171875,260.2049865722656,558282
2025-10-23 16:15:00+00:00,260.0400085449219,260.0400085449219,260.5400085449219,259.92498779296875,260.3764953613281,529106
2025-10-23 16:30:00+00:00,260.20001220703125,260.20001220703125,260.3900146484375,259.95001220703125,260.04998779296875,560462
2025-10-23 16:45:00+00:00,260.260009765625,260.260009765625,260.29998779296875,260.0400085449219,260.2300109863281,500685
2025-10-23 17:00:00+00:00,260.02508544921875,260.02508544921875,260.54998779296875,259.5199890136719,260.25,1081341
2025-10-23 17:15:00+00:00,259.8599853515625,259.8599853515625,260.1099853515625,259.6650085449219,260.0249938964844,431721
2025-10-23 17:30:00+00:00,260.2300109863281,260.2300109863281,260.42498779296875,259.8299865722656,259.8800048828125,569515
2025-10-23 17:45:00+00:00,260.2099914550781,260.2099914550781,260.32000732421875,260.1499938964844,260.239990234375,1767726
2025-10-23 18:00:00+00:00,260.1499938964844,260.1499938964844,260.4200134277344,259.8429870605469,260.2099914550781,502651
2025-10-23 18:15:00+00:00,259.9700012207031,259.9700012207031,260.125,259.8699951171875,260.125,480300
2025-10-23 18:30:00+00:00,259.9150085449219,259.9150085449219,260.0199890136719,259.7900085449219,259.9700012207031,545872
2025-10-23 18:45:00+00:00,259.8500061035156,259.8500061035156,259.96551513671875,259.6600036621094,259.9150085449219,485948
2025-10-23 19:00:00+00:00,259.7850036621094,259.7850036621094,259.9079895019531,259.7200012207031,259.8599853515625,515729
2025-10-23 19:15:00+00:00,259.8999938964844,259.8999938964844,259.9136047363281,259.6199951171875,259.7850036621094,689622
2025-10-23 19:30:00+00:00,259.82000732421875,259.82000732421875,260.0199890136719,259.69000244140625,259.9100036621094,766162
2025-10-23 19:45:00+00:00,259.5799865722656,259.5799865722656,260.04998779296875,259.0799865722656,259.82818603515625,2377694
2025-10-24 13:30:00+00:00,260.32000732421875,260.32000732421875,261.6199951171875,259.3949890136719,261.19000244140625,3210604
2025-10-24 13:45:00+00:00,260.1700134277344,260.1700134277344,260.5199890136719,259.17999267578125,260.32000732421875,1512558
2025-10-24 14:00:00+00:00,260.55999755859375,260.55999755859375,260.6499938964844,259.8800048828125,260.239990234375,1388141
2025-10-24 14:15:00+00:00,260.94140625,260.94140625,261.29998779296875,260.4100036621094,260.5899963378906,1176224
2025-10-24 14:30:00+00:00,261.5400085449219,261.5400085449219,261.6400146484375,260.7900085449219,260.94000244140625,990667
2025-10-24 14:45:00+00:00,261.83099365234375,261.83099365234375,262.3500061035156,261.3399963378906,261.54998779296875,1711913
2025-10-24 15:00:00+00:00,262.8800048828125,262.8800048828125,262.92498779296875,261.760009765625,261.8500061035156,1278056
2025-10-24 15:15:00+00:00,263.2799987792969,263.2799987792969,263.3599853515625,262.7300109863281,262.8800048828125,1510284
2025-10-24 15:30:00+00:00,263.31500244140625,263.31500244140625,263.7799987792969,263.0450134277344,263.2900085449219,1499802
2025-10-24 15:45:00+00:00,263.3371887207031,263.3371887207031,263.54998779296875,262.95001220703125,263.2799987792969,1018766
2025-10-24 16:00:00+00:00,263.6000061035156,263.6000061035156,263.69000244140625,263.3002014160156,263.3450012207031,852661
2025-10-24 16:15:00+00:00,263.5799865722656,263.5799865722656,264.0299987792969,263.4200134277344,263.5723876953125,1087437
2025-10-24 16:30:00+00:00,263.0602111816406,263.0602111816406,263.6083984375,262.8500061035156,263.5899963378906,810625
2025-10-24 16:45:00+00:00,263.1098937988281,263.1098937988281,263.3399963378906,262.92999267578125,263.0299987792969,605659
2025-10-24 17:00:00+00:00,263.57000732421875,263.57000732421875,263.7099914550781,263.0899963378906,263.1000061035156,905795
2025-10-24 17:15:00+00:00,263.6099853515625,263.6099853515625,263.67999267578125,263.20001220703125,263.56500244140625,608377
2025-10-24 17:30:00+00:00,263.8800048828125,263.8800048828125,263.95001220703125,263.4100036621094,263.6099853515625,711655
2025-10-24 17:45:00+00:00,263.90008544921875,263.90008544921875,264.0899963378906,263.8070068359375,263.864990234375,735114
2025-10-24 18:00:00+00:00,263.6640930175781,263.6640930175781,263.9309997558594,263.6600036621094,263.8900146484375,593652
2025-10-24 18:15:00+00:00,264.0199890136719,264.0199890136719,264.1300048828125,263.6000061035156,263.66461181640625,803447
2025-10-24 18:30:00+00:00,263.79058837890625,263.79058837890625,264.1000061035156,263.6499938964844,264.0249938964844,721697
2025-10-24 18:45:00+00:00,263.5199890136719,263.5199890136719,263.9429016113281,263.4200134277344,263.80999755859375,818074
2025-10-24 19:00:00+00:00,263.37200927734375,263.37200927734375,263.56500244140625,263.2099914550781,263.510009765625,817579
2025-10-24 19:15:00+00:00,263.5,263.5,263.5199890136719,263.1499938964844,263.3900146484375,830199
2025-10-24 19:30:00+00:00,263.3299865722656,263.3299865722656,263.6600036621094,263.32501220703125,263.510009765625,1030038
2025-10-24 19:45:00+00:00,262.739990234375,262.739990234375,263.42999267578125,262.1300048828125,263.3399963378906,3712446
2025-10-27 13:30:00+00:00,265.7650146484375,265.7650146484375,266.6600036621094,264.65008544921875,264.8800048828125,4664567
2025-10-27 13:45:00+00:00,266.25,266.25,266.5799865722656,265.6499938964844,265.760009765625,1764539
2025-10-27 14:00:00+00:00,266.23968505859375,266.23968505859375,267.04998779296875,266.2099914550781,266.239990234375,1898118
2025-10-27 14:15:00+00:00,265.7300109863281,265.7300109863281,266.368408203125,265.6600036621094,266.239990234375,992287
2025-10-27 14:30:00+00:00,265.94000244140625,265.94000244140625,265.9800109863281,265.4100036621094,265.739990234375,1075179
2025-10-27 14:45:00+00:00,265.385009765625,265.385009765625,266.4200134277344,265.20001220703125,265.95001220703125,1185257
2025-10-27 15:00:00+00:00,265.67498779296875,265.67498779296875,265.7200012207031,265.19500732421875,265.3999938964844,928376
2025-10-27 15:15:00+00:00,265.7099914550781,265.7099914550781,266.1000061035156,265.5799865722656,265.67999267578125,862040
2025-10-27 15:30:00+00:00,265.4700012207031,265.4700012207031,265.7799987792969,265.29998779296875,265.7099914550781,789578
2025-10-27 15:45:00+00:00,265.4101867675781,265.4101867675781,265.55999755859375,265.04998779296875,265.45001220703125,952223
2025-10-27 16:00:00+00:00,265.9549865722656,265.9549865722656,266.0899963378906,265.239990234375,265.4200134277344,1039599
2025-10-27 16:15:00+00:00,265.92999267578125,265.92999267578125,266.0,265.7200012207031,265.9599914550781,736495
2025-10-27 16:30:00+00:00,265.9800109863281,265.9800109863281,266.0899963378906,265.82000732421875,265.94000244140625,640962
2025-10-27 16:45:00+00:00,265.5899963378906,265.5899963378906,266.125,265.55999755859375,265.9750061035156,688960
2025-10-27 17:00:00+00:00,265.8265075683594,265.8265075683594,265.82989501953125,265.55999755859375,265.5920104980469,527727
2025-10-27 17:15:00+00:00,265.6199951171875,265.6199951171875,265.885498046875,265.510009765625,265.8299865722656,1473498
2025-10-27 17:30:00+00:00,265.97900390625,265.97900390625,266.0150146484375,265.510009765625,265.6300048828125,675840
2025-10-27 17:45:00+00:00,265.860107421875,265.860107421875,265.989990234375,265.67840576171875,265.9700012207031,560865
2025-10-27 18:00:00+00:00,265.6449890136719,265.6449890136719,265.8599853515625,265.6000061035156,265.8599853515625,409271
2025-10-27 18:15:00+00:00,265.5950012207031,265.5950012207031,265.7099914550781,265.5215148925781,265.6449890136719,525779
2025-10-27 18:30:00+00:00,265.864990234375,265.864990234375,265.9200134277344,265.4700012207031,265.5899963378906,649164
2025-10-27 18:45:00+00:00,266.2349853515625,266.2349853515625,266.3299865722656,265.864990234375,265.8699951171875,932961
2025-10-27 19:00:00+00:00,266.614990234375,266.614990234375,266.739990234375,266.03021240234375,266.2349853515625,1057218
2025-10-27 19:15:00+00:00,267.2749938964844,267.2749938964844,267.3999938964844,266.6000061035156,266.614990234375,1619846
2025-10-27 19:30:00+00:00,267.739990234375,267.739990234375,267.760009765625,267.2099914550781,267.2699890136719,1620586
2025-10-27 19:45:00+00:00,268.739990234375,268.739990234375,269.0799865722656,267.69000244140625,267.7301025390625,5375506
2025-10-28 13:30:00+00:00,269.489990234375,269.489990234375,269.8699951171875,268.260009765625,269.135009765625,5840266
2025-10-28 13:45:00+00:00,268.989990234375,268.989990234375,269.75,268.3196105957031,269.5199890136719,2457176
2025-10-28 14:00:00+00:00,268.6400146484375,268.6400146484375,269.05999755859375,268.2900085449219,268.9800109863281,1621931
2025-10-28 14:15:00+00:00,268.6499938964844,268.6499938964844,268.7799987792969,268.25,268.6600036621094,1913393
2025-10-28 14:30:00+00:00,268.2799987792969,268.2799987792969,268.6499938964844,268.1499938964844,268.6423034667969,950108
2025-10-28 14:45:00+00:00,268.82000732421875,268.82000732421875,269.1400146484375,268.25,268.2900085449219,1082595
2025-10-28 15:00:00+00:00,268.364990234375,268.364990234375,269.07000732421875,268.30999755859375,268.8699951171875,760362
2025-10-28 15:15:00+00:00,268.69720458984375,268.69720458984375,268.7799987792969,268.30999755859375,268.364990234375,757319
2025-10-28 15:30:00+00:00,268.7900085449219,268.7900085449219,269.0199890136719,268.3500061035156,268.69500732421875,975387
2025-10-28 15:45:00+00:00,268.9100036621094,268.9100036621094,269.0758056640625,268.71820068359375,268.7900085449219,663093
2025-10-28 16:00:00+00:00,268.8800048828125,268.8800048828125,269.010009765625,268.80999755859375,268.9118957519531,541908
2025-10-28 16:15:00+00:00,268.9949951171875,268.9949951171875,269.05999755859375,268.6600036621094,268.88018798828125,577664
2025-10-28 16:30:00+00:00,268.94000244140625,268.94000244140625,269.3999938964844,268.82000732421875,268.9800109863281,735911
2025-10-28 16:45:00+00:00,269.5899963378906,269.5899963378906,269.8699951171875,268.8999938964844,268.95001220703125,1209042
2025-10-28 17:00:00+00:00,269.0069885253906,269.0069885253906,269.739990234375,268.94500732421875,269.6000061035156,835626
2025-10-28 17:15:00+00:00,269.4949951171875,269.4949951171875,269.69000244140625,269.0000915527344,269.010009765625,723285
2025-10-28 17:30:00+00:00,269.06500244140625,269.06500244140625,269.4949951171875,268.989990234375,269.4949951171875,878378
2025-10-28 17:45:00+00:00,268.92999267578125,268.92999267578125,269.0625,268.79998779296875,269.04998779296875,691803
2025-10-28 18:00:00+00:00,269.1028137207031,269.1028137207031,269.20001220703125,268.864990234375,268.9034118652344,691346
2025-10-28 18:15:00+00:00,269.0902099609375,269.0902099609375,269.29998779296875,269.0199890136719,269.1000061035156,920143
2025-10-28 18:30:00+00:00,268.9700012207031,268.9700012207031,269.1600036621094,268.7799987792969,269.1050109863281,841906
2025-10-28 18:45:00+00:00,269.114990234375,269.114990234375,269.2349853515625,268.9501037597656,268.9740905761719,820400
2025-10-28 19:00:00+00:00,269.2200012207031,269.2200012207031,269.4100036621094,269.03009033203125,269.114990234375,1004491
2025-10-28 19:15:00+00:00,269.20001220703125,269.20001220703125,269.44000244140625,268.9200134277344,269.2099914550781,1453552
2025-10-28 19:30:00+00:00,268.8243103027344,268.8243103027344,269.20001220703125,268.6883850097656,269.20001220703125,1251374
2025-10-28 19:45:00+00:00,269.0299987792969,269.0299987792969,269.3550109863281,268.6000061035156,268.82000732421875,4088279
2025-10-29 13:30:00+00:00,270.04998779296875,270.04998779296875,271.20001220703125,268.70001220703125,269.2749938964844,6147005
2025-10-29 13:45:00+00:00,270.8900146484375,270.8900146484375,271.2900085449219,269.860107421875,270.0799865722656,1494360
2025-10-29 14:00:00+00:00,270.82501220703125,270.82501220703125,271.4100036621094,270.45001220703125,270.94000244140625,1385066
2025-10-29 14:15:00+00:00,270.4200134277344,270.4200134277344,270.8599853515625,270.17999267578125,270.8299865722656,1182799
2025-10-29 14:30:00+00:00,269.75,269.75,270.44500732421875,269.4100036621094,270.4100036621094,1343890
2025-10-29 14:45:00+00:00,268.8500061035156,268.8500061035156,269.92999267578125,268.614990234375,269.76300048828125,1905657
2025-10-29 15:00:00+00:00,268.7699890136719,268.7699890136719,269.2099914550781,268.3999938964844,268.8399963378906,1678899
2025-10-29 15:15:00+00:00,267.6300048828125,267.6300048828125,268.7799987792969,267.51220703125,268.7799987792969,1319393
2025-10-29 15:30:00+00:00,267.9226989746094,267.9226989746094,267.95001220703125,267.1099853515625,267.6099853515625,1367461
2025-10-29 15:45:00+00:00,267.7699890136719,267.7699890136719,268.1700134277344,267.7200012207031,267.9100036621094,1477107
2025-10-29 16:00:00+00:00,268.6600036621094,268.6600036621094,268.82000732421875,267.70001220703125,267.7799987792969,769038
2025-10-29 16:15:00+00:00,268.6199951171875,268.6199951171875,268.8599853515625,268.42999267578125,268.66400146484375,981515
2025-10-29 16:30:00+00:00,268.92999267578125,268.92999267578125,269.05999755859375,268.4700927734375,268.6029968261719,589247
2025-10-29 16:45:00+00:00,268.8699951171875,268.8699951171875,269.1099853515625,268.6300048828125,268.9359130859375,658962
2025-10-29 17:00:00+00:00,269.25,269.25,269.3299865722656,268.8682861328125,268.8682861328125,747916
2025-10-29 17:15:00+00:00,269.93011474609375,269.93011474609375,269.93011474609375,269.0553894042969,269.2699890136719,1069956
2025-10-29 17:30:00+00:00,270.17498779296875,270.17498779296875,270.4800109863281,269.7900085449219,269.8900146484375,1430416
2025-10-29 17:45:00+00:00,270.44500732421875,270.44500732421875,270.6600036621094,269.79998779296875,270.1629943847656,1226257
2025-10-29 18:00:00+00:00,270.6600036621094,270.6600036621094,270.7699890136719,270.1499938964844,270.4700012207031,1342046
2025-10-29 18:15:00+00:00,270.80999755859375,270.80999755859375,270.8500061035156,270.0616149902344,270.6400146484375,964459
2025-10-29 18:30:00+00:00,268.7099914550781,268.7099914550781,270.92999267578125,268.70001220703125,270.7850036621094,1736008
2025-10-29 18:45:00+00:00,269.510009765625,269.510009765625,269.92999267578125,268.6000061035156,268.7200012207031,1545113
2025-10-29 19:00:00+00:00,268.6400146484375,268.6400146484375,269.6300048828125,268.260009765625,269.5299072265625,968370
2025-10-29 19:15:00+00:00,268.30999755859375,268.30999755859375,268.9599914550781,268.2991027832031,268.6600036621094,906612
2025-10-29 19:30:00+00:00,269.20001220703125,269.20001220703125,269.2099914550781,267.79998779296875,268.32000732421875,1270749
2025-10-29 19:45:00+00:00,269.7300109863281,269.7300109863281,270.3800048828125,269.0433044433594,269.194091796875,3055155
2025-10-30 13:30:00+00:00,271.2149963378906,271.2149963378906,274.1400146484375,270.6099853515625,271.989990234375,4623956
2025-10-30 13:45:00+00:00,271.05999755859375,271.05999755859375,271.8699035644531,270.8299865722656,271.215087890625,1336064
2025-10-30 14:00:00+00:00,270.2850036621094,270.2850036621094,271.3799133300781,270.010009765625,271.1094055175781,1257207
2025-10-30 14:15:00+00:00,269.0899963378906,269.0899963378906,270.510009765625,268.989990234375,270.30999755859375,1170613
2025-10-30 14:30:00+00:00,269.57000732421875,269.57000732421875,269.75,269.0299987792969,269.0899963378906,904744
2025-10-30 14:45:00+00:00,268.8999938964844,268.8999938964844,269.6199951171875,268.4800109863281,269.54998779296875,840938
2025-10-30 15:00:00+00:00,270.9200134277344,270.9200134277344,270.92999267578125,268.8900146484375,268.8999938964844,1108288
2025-10-30 15:15:00+00:00,270.7900085449219,270.7900085449219,271.1700134277344,270.5403137207031,270.8999938964844,1032774
2025-10-30 15:30:00+00:00,270.7503967285156,270.7503967285156,270.9200134277344,270.2630920410156,270.7799987792969,757674
2025-10-30 15:45:00+00:00,271.17498779296875,271.17498779296875,271.74798583984375,270.5799865722656,270.75,1043097
2025-10-30 16:00:00+00:00,271.9599914550781,271.9599914550781,271.9700012207031,271.1700134277344,271.1700134277344,1020866
2025-10-30 16:15:00+00:00,272.010009765625,272.010009765625,272.3900146484375,271.8100891113281,271.9599914550781,1048149
2025-10-30 16:30:00+00:00,271.81500244140625,271.81500244140625,272.06781005859375,271.44000244140625,272.0,750064
2025-10-30 16:45:00+00:00,271.29998779296875,271.29998779296875,271.9200134277344,271.25,271.81500244140625,590428
2025-10-30 17:00:00+00:00,271.3900146484375,271.3900146484375,271.44000244140625,271.0400085449219,271.3099060058594,507686
2025-10-30 17:15:00+00:00,271.95001220703125,271.95001220703125,271.9800109863281,271.19000244140625,271.3900146484375,561370
2025-10-30 17:30:00+00:00,271.4200134277344,271.4200134277344,271.989990234375,271.2799987792969,271.95001220703125,554850
2025-10-30 17:45:00+00:00,272.0,272.0,272.07000732421875,271.4039001464844,271.4100036621094,873080
2025-10-30 18:00:00+00:00,272.17999267578125,272.17999267578125,272.29998779296875,271.67999267578125,272.0,1041780
2025-10-30 18:15:00+00:00,271.75,271.75,272.17999267578125,271.4700012207031,272.1700134277344,965345
2025-10-30 18:30:00+00:00,271.7550048828125,271.7550048828125,272.00799560546875,271.2799987792969,271.760009765625,767771
2025-10-30 18:45:00+00:00,271.3599853515625,271.3599853515625,271.7799987792969,271.17999267578125,271.7550048828125,785276
2025-10-30 19:00:00+00:00,271.3599853515625,271.3599853515625,271.6299133300781,271.2099914550781,271.3399963378906,894669
2025-10-30 19:15:00+00:00,271.3399963378906,271.3399963378906,271.6000061035156,270.9949951171875,271.364990234375,1383633
2025-10-30 19:30:00+00:00,271.3800048828125,271.3800048828125,271.4800109863281,271.04998779296875,271.3399963378906,1294760
2025-10-30 19:45:00+00:00,271.260009765625,271.260009765625,271.6700134277344,271.0899963378906,271.3727111816406,3880859
2025-10-31 13:30:00+00:00,270.7049865722656,270.7049865722656,277.32000732421875,269.1600036621094,276.989990234375,10498579
2025-10-31 13:45:00+00:00,270.43701171875,270.43701171875,272.05999755859375,269.7699890136719,270.7200012207031,2927674
2025-10-31 14:00:00+00:00,269.35009765625,269.35009765625,270.7099914550781,269.29998779296875,270.43499755859375,2190126
2025-10-31 14:15:00+00:00,270.3800048828125,270.3800048828125,270.639892578125,269.1600036621094,269.4100036621094,1611799
2025-10-31 14:30:00+00:00,270.7130126953125,270.7130126953125,271.5599060058594,270.10009765625,270.42999267578125,1565026
2025-10-31 14:45:00+00:00,270.5899963378906,270.5899963378906,271.0,270.2799987792969,270.7099914550781,1025988
2025-10-31 15:00:00+00:00,270.9403076171875,270.9403076171875,271.2200012207031,270.3999938964844,270.625,1040815
2025-10-31 15:15:00+00:00,271.29998779296875,271.29998779296875,271.5199890136719,270.7427978515625,270.92498779296875,963237
2025-10-31 15:30:00+00:00,271.0199890136719,271.0199890136719,271.364990234375,270.2200012207031,271.2998962402344,1070513
2025-10-31 15:45:00+00:00,271.4599914550781,271.4599914550781,271.5400085449219,270.5899963378906,271.0199890136719,920428
2025-10-31 16:00:00+00:00,271.5205078125,271.5205078125,271.760009765625,270.739990234375,271.44000244140625,914660
2025-10-31 16:15:00+00:00,272.43499755859375,272.43499755859375,272.8584899902344,271.4100036621094,271.5307922363281,1395641
2025-10-31 16:30:00+00:00,272.6300048828125,272.6300048828125,273.1700134277344,272.17999267578125,272.42999267578125,1333219
2025-10-31 16:45:00+00:00,271.6199951171875,271.6199951171875,272.79998779296875,271.4800109863281,272.6400146484375,824642
2025-10-31 17:00:00+00:00,271.1499938964844,271.1499938964844,271.7900085449219,270.92999267578125,271.6400146484375,1019452
2025-10-31 17:15:00+00:00,270.3487854003906,270.3487854003906,271.3900146484375,270.1499938964844,271.1600036621094,828214
2025-10-31 17:30:00+00:00,271.04998779296875,271.04998779296875,271.04998779296875,270.1099853515625,270.3299865722656,710040
2025-10-31 17:45:00+00:00,271.3699951171875,271.3699951171875,271.5899963378906,270.989990234375,271.0299987792969,507163
2025-10-31 18:00:00+00:00,271.42999267578125,271.42999267578125,272.0599060058594,271.3599853515625,271.3599853515625,522596
2025-10-31 18:15:00+00:00,271.80999755859375,271.80999755859375,271.8500061035156,271.2204895019531,271.3999938964844,656861
2025-10-31 18:30:00+00:00,271.8555908203125,271.8555908203125,272.1199951171875,271.6600036621094,271.7900085449219,520032
2025-10-31 18:45:00+00:00,271.6700134277344,271.6700134277344,271.92498779296875,271.2699890136719,271.8550109863281,684935
2025-10-31 19:00:00+00:00,271.8999938964844,271.8999938964844,271.9599914550781,271.3800048828125,271.70001220703125,691234
2025-10-31 19:15:00+00:00,272.1050109863281,272.1050109863281,272.17498779296875,271.42999267578125,271.8999938964844,1005532
2025-10-31 19:30:00+00:00,272.32000732421875,272.32000732421875,272.6499938964844,272.010009765625,272.1300048828125,1229821
2025-10-31 19:45:00+00:00,270.25,270.25,272.5899963378906,269.9599914550781,272.32000732421875,5370747
2025-11-03 14:30:00+00:00,267.5050048828125,267.5050048828125,270.8299865722656,267.2301025390625,270.4200134277344,5356591
2025-11-03 14:45:00+00:00,267.2799987792969,267.2799987792969,267.5199890136719,266.3550109863281,267.4599914550781,1945910
2025-11-03 15:00:00+00:00,267.7651062011719,267.7651062011719,268.04998779296875,266.25,267.3699951171875,1715142
2025-11-03 15:15:00+00:00,267.6300048828125,267.6300048828125,268.70001220703125,267.45001220703125,267.7314147949219,1205874
2025-11-03 15:30:00+00:00,267.6900939941406,267.6900939941406,268.2598876953125,267.510009765625,267.6400146484375,842170
2025-11-03 15:45:00+00:00,267.5498962402344,267.5498962402344,268.0899963378906,267.2601013183594,267.70001220703125,659101
2025-11-03 16:00:00+00:00,267.2430114746094,267.2430114746094,267.6000061035156,266.8599853515625,267.5249938964844,844835
2025-11-03 16:15:00+00:00,266.6400146484375,266.6400146484375,267.3399963378906,266.5,267.2900085449219,756440
2025-11-03 16:30:00+00:00,267.5899963378906,267.5899963378906,267.6199951171875,266.5223083496094,266.659912109375,741733
2025-11-03 16:45:00+00:00,267.8399963378906,267.8399963378906,268.0,267.57000732421875,267.5899963378906,732107
2025-11-03 17:00:00+00:00,267.8882141113281,267.8882141113281,267.9200134277344,267.360107421875,267.8500061035156,623957
2025-11-03 17:15:00+00:00,267.5350036621094,267.5350036621094,268.1499938964844,267.44189453125,267.8800048828125,723902
2025-11-03 17:30:00+00:00,267.489013671875,267.489013671875,267.6199951171875,267.2799987792969,267.5199890136719,500193
2025-11-03 17:45:00+00:00,267.4230041503906,267.4230041503906,267.8699951171875,267.3299865722656,267.5199890136719,372719
2025-11-03 18:00:00+00:00,267.6099853515625,267.6099853515625,267.8599853515625,267.25,267.45001220703125,535973
2025-11-03 18:15:00+00:00,267.6780090332031,267.6780090332031,268.0,267.30999755859375,267.6099853515625,625224
2025-11-03 18:30:00+00:00,268.5350036621094,268.5350036621094,268.6199951171875,267.67999267578125,267.70989990234375,468397
2025-11-03 18:45:00+00:00,268.1300048828125,268.1300048828125,268.5799865722656,268.0199890136719,268.5350036621094,403421
2025-11-03 19:00:00+00:00,267.6355895996094,267.6355895996094,268.29998779296875,267.3699951171875,268.1400146484375,658789
2025-11-03 19:15:00+00:00,267.30999755859375,267.30999755859375,267.7699890136719,267.30999755859375,267.6225891113281,544661
2025-11-03 19:30:00+00:00,267.0799865722656,267.0799865722656,267.5299987792969,266.9100036621094,267.32000732421875,529804
2025-11-03 19:45:00+00:00,267.19500732421875,267.19500732421875,267.38360595703125,267.0849914550781,267.0849914550781,457916
2025-11-03 20:00:00+00:00,267.2900085449219,267.2900085449219,267.3900146484375,266.95220947265625,267.2099914550781,593980
2025-11-03 20:15:00+00:00,267.6199951171875,267.6199951171875,267.7900085449219,267.1803894042969,267.29998779296875,661734
2025-11-03 20:30:00+00:00,268.05999755859375,268.05999755859375,268.0899963378906,267.6199951171875,267.6300048828125,909650
2025-11-03 20:45:00+00:00,269.05999755859375,269.05999755859375,269.1099853515625,267.4599914550781,268.0899963378906,2473488
2025-11-04 14:30:00+00:00,269.42999267578125,269.42999267578125,269.5,267.614990234375,268.24249267578125,6990127
2025-11-04 14:45:00+00:00,268.3002014160156,268.3002014160156,269.5899963378906,267.9599914550781,269.3900146484375,1277691
2025-11-04 15:00:00+00:00,268.260009765625,268.260009765625,268.7980041503906,267.8900146484375,268.3349914550781,827190
2025-11-04 15:15:00+00:00,268.42999267578125,268.42999267578125,269.04998779296875,268.1300048828125,268.2699890136719,550770
2025-11-04 15:30:00+00:00,268.6549987792969,268.6549987792969,268.9100036621094,268.29010009765625,268.42999267578125,462612
2025-11-04 15:45:00+00:00,268.27349853515625,268.27349853515625,268.70001220703125,267.7099914550781,268.67999267578125,540511
2025-11-04 16:00:00+00:00,269.5400085449219,269.5400085449219,269.6700134277344,268.27020263671875,268.2742004394531,772065
2025-11-04 16:15:00+00:00,270.6099853515625,270.6099853515625,271.0,269.4100036621094,269.5400085449219,1503166
2025-11-04 16:30:00+00:00,271.0451965332031,271.0451965332031,271.4859924316406,270.3599853515625,270.6400146484375,1199046
2025-11-04 16:45:00+00:00,270.54998779296875,270.54998779296875,271.17999267578125,270.1000061035156,271.0400085449219,1204654
2025-11-04 17:00:00+00:00,269.82000732421875,269.82000732421875,270.59271240234375,269.75,270.57000732421875,670683
2025-11-04 17:15:00+00:00,270.010009765625,270.010009765625,270.0450134277344,268.9800109863281,269.82598876953125,772443
2025-11-04 17:30:00+00:00,270.2200012207031,270.2200012207031,270.4800109863281,269.8900146484375,270.0050048828125,515551
2025-11-04 17:45:00+00:00,270.7699890136719,270.7699890136719,270.92999267578125,270.2099914550781,270.2349853515625,632081
2025-11-04 18:00:00+00:00,270.7300109863281,270.7300109863281,270.7789001464844,270.3999938964844,270.7449951171875,456844
2025-11-04 18:15:00+00:00,270.6383972167969,270.6383972167969,270.8599853515625,270.3999938964844,270.7300109863281,467977
2025-11-04 18:30:00+00:00,270.62548828125,270.62548828125,270.82000732421875,270.1455993652344,270.6099853515625,713573
2025-11-04 18:45:00+00:00,270.489990234375,270.489990234375,270.6499938964844,270.07000732421875,270.6199951171875,671311
2025-11-04 19:00:00+00:00,270.2900085449219,270.2900085449219,270.79998779296875,270.2449951171875,270.4800109863281,537772
2025-11-04 19:15:00+00:00,270.5104064941406,270.5104064941406,270.67999267578125,269.8699951171875,270.2799987792969,639876
2025-11-04 19:30:00+00:00,270.3445129394531,270.3445129394531,270.6099853515625,270.05999755859375,270.5299987792969,596043
2025-11-04 19:45:00+00:00,270.3999938964844,270.3999938964844,270.5799865722656,270.1199951171875,270.3399963378906,538864
2025-11-04 20:00:00+00:00,269.79998779296875,269.79998779296875,270.489990234375,269.6499938964844,270.4200134277344,732416
2025-11-04 20:15:00+00:00,270.09051513671875,270.09051513671875,270.1000061035156,269.2799987792969,269.79998779296875,726865
2025-11-04 20:30:00+00:00,270.05999755859375,270.05999755859375,270.32000732421875,269.93011474609375,270.1000061035156,648227
2025-11-04 20:45:00+00:00,270.010009765625,270.010009765625,270.4049987792969,269.5,270.07000732421875,2874325
2025-11-05 14:30:00+00:00,267.8999938964844,267.8999938964844,269.1499938964844,266.92999267578125,268.5899963378906,5505076
2025-11-05 14:45:00+00:00,269.2349853515625,269.2349853515625,269.57000732421875,267.69000244140625,267.875,1034134
2025-11-05 15:00:00+00:00,268.8800048828125,268.8800048828125,269.58990478515625,268.69000244140625,269.20001220703125,808971
2025-11-05 15:15:00+00:00,269.0101013183594,269.0101013183594,269.3799133300781,268.55499267578125,268.885498046875,647372
2025-11-05 15:30:00+00:00,269.3183898925781,269.3183898925781,269.739990234375,268.9599914550781,268.989990234375,514132
2025-11-05 15:45:00+00:00,269.37091064453125,269.37091064453125,269.3900146484375,268.760009765625,269.30670166015625,513907
2025-11-05 16:00:00+00:00,269.20001220703125,269.20001220703125,269.44000244140625,268.92999267578125,269.3999938964844,467588
2025-11-05 16:15:00+00:00,270.2900085449219,270.2900085449219,270.3800048828125,269.0801086425781,269.2300109863281,673808
2025-11-05 16:30:00+00:00,270.3349914550781,270.3349914550781,270.4617919921875,270.1000061035156,270.2799987792969,432731
2025-11-05 16:45:00+00:00,269.99090576171875,269.99090576171875,270.4700012207031,269.9750061035156,270.3493957519531,393675
2025-11-05 17:00:00+00:00,269.7077941894531,269.7077941894531,270.010009765625,269.5,270.010009765625,411377
2025-11-05 17:15:00+00:00,269.9700012207031,269.9700012207031,270.0899963378906,269.5899963378906,269.70001220703125,394058
2025-11-05 17:30:00+00:00,270.69500732421875,270.69500732421875,270.7699890136719,269.92999267578125,269.9700012207031,442128
2025-11-05 17:45:00+00:00,270.5400085449219,270.5400085449219,270.7900085449219,270.4314880371094,270.69000244140625,297658
2025-11-05 18:00:00+00:00,270.3800048828125,270.3800048828125,270.6700134277344,270.1700134277344,270.5400085449219,247640
2025-11-05 18:15:00+00:00,270.1199951171875,270.1199951171875,270.6300048828125,269.9700012207031,270.3699951171875,439166
2025-11-05 18:30:00+00:00,270.1159973144531,270.1159973144531,270.19000244140625,269.82000732421875,270.1099853515625,334431
2025-11-05 18:45:00+00:00,270.07000732421875,270.07000732421875,270.3500061035156,269.97979736328125,270.1300048828125,316738
2025-11-05 19:00:00+00:00,270.6000061035156,270.6000061035156,271.70001220703125,269.7699890136719,270.04998779296875,1358535
2025-11-05 19:15:00+00:00,270.42999267578125,270.42999267578125,270.9599914550781,270.3299865722656,270.5849914550781,642057
2025-11-05 19:30:00+00:00,270.0950012207031,270.0950012207031,271.5,270.0799865722656,270.4100036621094,924081
2025-11-05 19:45:00+00:00,269.6664123535156,269.6664123535156,270.19000244140625,269.6400146484375,270.0799865722656,509957
2025-11-05 20:00:00+00:00,269.67498779296875,269.67498779296875,270.0,269.5899963378906,269.6400146484375,430707
2025-11-05 20:15:00+00:00,269.6000061035156,269.6000061035156,269.95001220703125,269.5299987792969,269.67498779296875,418001
2025-11-05 20:30:00+00:00,269.2200012207031,269.2200012207031,269.6400146484375,269.03118896484375,269.6099853515625,696529
2025-11-05 20:45:00+00:00,270.1099853515625,270.1099853515625,270.3999938964844,268.9949951171875,269.2200012207031,2871375
2025-11-06 14:30:00+00:00,268.7300109863281,268.7300109863281,269.5,267.8900146484375,267.8900146484375,2318542
2025-11-06 14:45:00+00:00,269.9410095214844,269.9410095214844,270.010009765625,268.3399963378906,268.75,1275198
2025-11-06 15:00:00+00:00,269.9049987792969,269.9049987792969,270.08990478515625,269.0914001464844,269.94000244140625,1060062
2025-11-06 15:15:00+00:00,272.82000732421875,272.82000732421875,272.82000732421875,269.7200012207031,269.8900146484375,2108385
2025-11-06 15:30:00+00:00,272.32000732421875,272.32000732421875,273.05999755859375,271.55010986328125,272.8280029296875,1599254
2025-11-06 15:45:00+00:00,272.2799987792969,272.2799987792969,273.3999938964844,272.1600036621094,272.32000732421875,1903049
2025-11-06 16:00:00+00:00,272.389892578125,272.389892578125,272.6593017578125,271.6700134277344,272.2850036621094,877188
2025-11-06 16:15:00+00:00,272.1814880371094,272.1814880371094,272.63360595703125,271.6300048828125,272.3800048828125,1200581
2025-11-06 16:30:00+00:00,271.24261474609375,271.24261474609375,272.2200012207031,270.9200134277344,272.17999267578125,1008739
2025-11-06 16:45:00+00:00,270.5799865722656,270.5799865722656,271.2394104003906,270.5400085449219,271.2300109863281,872101
2025-11-06 17:00:00+00:00,270.7250061035156,270.7250061035156,271.3999938964844,270.42999267578125,270.6000061035156,726037
2025-11-06 17:15:00+00:00,271.42498779296875,271.42498779296875,271.45001220703125,270.3900146484375,270.739990234375,591156
2025-11-06 17:30:00+00:00,272.1083984375,272.1083984375,272.25,271.3304138183594,271.4200134277344,721044
2025-11-06 17:45:00+00:00,272.2749938964844,272.2749938964844,272.46978759765625,271.9200134277344,272.1099853515625,768319
2025-11-06 18:00:00+00:00,271.2200012207031,271.2200012207031,272.45001220703125,271.15008544921875,272.2749938964844,619745
2025-11-06 18:15:00+00:00,271.3500061035156,271.3500061035156,271.55999755859375,270.9200134277344,271.20001220703125,512731
2025-11-06 18:30:00+00:00,271.3949890136719,271.3949890136719,271.5,271.0203857421875,271.3699951171875,398684
2025-11-06 18:45:00+00:00,271.3953857421875,271.3953857421875,271.77630615234375,271.260009765625,271.4049987792969,466771
2025-11-06 19:00:00+00:00,271.9418029785156,271.9418029785156,271.9800109863281,271.3399963378906,271.4100036621094,430619
2025-11-06 19:15:00+00:00,271.9901123046875,271.9901123046875,272.1600036621094,271.6300048828125,271.95001220703125,487412
2025-11-06 19:30:00+00:00,270.9800109863281,270.9800109863281,272.20001220703125,270.7349853515625,272.0050048828125,667310
2025-11-06 19:45:00+00:00,271.235595703125,271.235595703125,271.3999938964844,270.9100036621094,270.989990234375,522508
2025-11-06 20:00:00+00:00,271.6285095214844,271.6285095214844,271.6700134277344,271.04998779296875,271.2300109863281,436759
2025-11-06 20:15:00+00:00,271.2099914550781,271.2099914550781,271.643310546875,271.0899963378906,271.6300048828125,572358
2025-11-06 20:30:00+00:00,271.1000061035156,271.1000061035156,271.52020263671875,271.0799865722656,271.20001220703125,801396
2025-11-06 20:45:00+00:00,269.6400146484375,269.6400146484375,271.239990234375,269.5950012207031,271.0899963378906,3024137
2025-11-07 14:30:00+00:00,268.340087890625,268.340087890625,270.5,267.2699890136719,269.7950134277344,3319666
2025-11-07 14:45:00+00:00,270.0,270.0,270.20001220703125,268.05999755859375,268.3299865722656,1418441
2025-11-07 15:00:00+00:00,271.19000244140625,271.19000244140625,271.45001220703125,269.81329345703125,269.92999267578125,1421665
2025-11-07 15:15:00+00:00,271.5799865722656,271.5799865722656,272.2900085449219,271.20001220703125,271.20001220703125,1695618
2025-11-07 15:30:00+00:00,271.3599853515625,271.3599853515625,271.9700012207031,271.0899963378906,271.55999755859375,893037
2025-11-07 15:45:00+00:00,270.6700134277344,270.6700134277344,271.4200134277344,270.6117858886719,271.3699951171875,1038374
2025-11-07 16:00:00+00:00,270.3500061035156,270.3500061035156,271.2099914550781,270.2099914550781,270.6549987792969,985376
2025-11-07 16:15:00+00:00,269.5299987792969,269.5299987792969,270.42999267578125,269.4800109863281,270.3500061035156,1074418
2025-11-07 16:30:00+00:00,269.56500244140625,269.56500244140625,269.8900146484375,269.19000244140625,269.5199890136719,697763
2025-11-07 16:45:00+00:00,268.8949890136719,268.8949890136719,269.7900085449219,268.55999755859375,269.55999755859375,837156
2025-11-07 17:00:00+00:00,268.57000732421875,268.57000732421875,269.04998779296875,268.32000732421875,268.8800048828125,1005249
2025-11-07 17:15:00+00:00,269.1099853515625,269.1099853515625,269.4700012207031,268.5150146484375,268.55999755859375,736095
2025-11-07 17:30:00+00:00,268.510009765625,268.510009765625,269.1400146484375,268.29998779296875,269.114990234375,651271
2025-11-07 17:45:00+00:00,268.7912902832031,268.7912902832031,268.9316101074219,268.2701110839844,268.5050048828125,454959
2025-11-07 18:00:00+00:00,268.3999938964844,268.3999938964844,269.0450134277344,268.1199951171875,268.79998779296875,401640
2025-11-07 18:15:00+00:00,268.45001220703125,268.45001220703125,268.9700012207031,268.0588073730469,268.41009521484375,533820
2025-11-07 18:30:00+00:00,268.4049987792969,268.4049987792969,268.6600036621094,268.1300964355469,268.45001220703125,427470
2025-11-07 18:45:00+00:00,268.1300048828125,268.1300048828125,268.5299987792969,267.6400146484375,268.4200134277344,692568
2025-11-07 19:00:00+00:00,267.6000061035156,267.6000061035156,268.35040283203125,267.4599914550781,268.05999755859375,477879
2025-11-07 19:15:00+00:00,267.25,267.25,267.7900085449219,267.0950012207031,267.5945129394531,619631
2025-11-07 19:30:00+00:00,268.0849914550781,268.0849914550781,268.5,267.260009765625,267.260009765625,1293643
2025-11-07 19:45:00+00:00,267.6231994628906,267.6231994628906,268.0899963378906,267.260009765625,268.07000732421875,948601
2025-11-07 20:00:00+00:00,267.2049865722656,267.2049865722656,267.7699890136719,266.7799987792969,267.6000061035156,891653
2025-11-07 20:15:00+00:00,267.7598876953125,267.7598876953125,267.8599853515625,267.0899963378906,267.2300109863281,787430
2025-11-07 20:30:00+00:00,268.5,268.5,268.5,267.7300109863281,267.760009765625,1063258
2025-11-07 20:45:00+00:00,268.4200134277344,268.4200134277344,268.5799865722656,267.69000244140625,268.5325012207031,2207963
2025-11-10 14:30:00+00:00,272.19000244140625,272.19000244140625,272.2799987792969,268.95001220703125,268.95001220703125,3377247
2025-11-10 14:45:00+00:00,273.2749938964844,273.2749938964844,273.7300109863281,272.04998779296875,272.1600036621094,1823714
2025-11-10 15:00:00+00:00,272.5899963378906,272.5899963378906,273.2900085449219,272.1499938964844,273.2550048828125,1034535
2025-11-10 15:15:00+00:00,271.85699462890625,271.85699462890625,272.75,271.5400085449219,272.6050109863281,795485
2025-11-10 15:30:00+00:00,271.239990234375,271.239990234375,271.989990234375,271.1499938964844,271.8299865722656,871581
2025-11-10 15:45:00+00:00,270.7598876953125,270.7598876953125,271.8116149902344,270.5799865722656,271.2300109863281,738897
2025-11-10 16:00:00+00:00,270.07000732421875,270.07000732421875,270.7900085449219,269.4700012207031,270.7300109863281,875876
2025-11-10 16:15:00+00:00,269.06640625,269.06640625,270.0899963378906,269.04998779296875,270.0849914550781,597322
2025-11-10 16:30:00+00:00,268.70001220703125,268.70001220703125,269.25579833984375,268.5,269.0400085449219,632671
2025-11-10 16:45:00+00:00,269.30999755859375,269.30999755859375,269.3500061035156,268.489990234375,268.69000244140625,685379
2025-11-10 17:00:00+00:00,269.25,269.25,269.7587890625,269.1400146484375,269.32501220703125,654214
2025-11-10 17:15:00+00:00,269.0799865722656,269.0799865722656,269.45001220703125,268.989990234375,269.2300109863281,373949
2025-11-10 17:30:00+00:00,269.17498779296875,269.17498779296875,269.4700012207031,269.010009765625,269.07000732421875,505110
2025-11-10 17:45:00+00:00,269.54998779296875,269.54998779296875,269.7749938964844,269.1000061035156,269.1600036621094,397542
2025-11-10 18:00:00+00:00,270.1260070800781,270.1260070800781,270.19970703125,269.510009765625,269.54998779296875,451078
2025-11-10 18:15:00+00:00,269.7300109863281,269.7300109863281,270.2300109863281,269.70001220703125,270.1000061035156,453712
2025-11-10 18:30:00+00:00,269.8599853515625,269.8599853515625,269.94000244140625,269.6000061035156,269.7099914550781,417424
2025-11-10 18:45:00+00:00,269.989990234375,269.989990234375,270.1499938964844,269.72100830078125,269.8599853515625,424779
2025-11-10 19:00:00+00:00,269.1883850097656,269.1883850097656,270.3077087402344,267.4549865722656,269.9949951171875,1617283
2025-11-10 19:15:00+00:00,269.6600036621094,269.6600036621094,269.8699951171875,269.0199890136719,269.1700134277344,729181
2025-11-10 19:30:00+00:00,269.6099853515625,269.6099853515625,269.80999755859375,269.4700012207031,269.6300048828125,525341
2025-11-10 19:45:00+00:00,269.5199890136719,269.5199890136719,269.7799987792969,269.3900146484375,269.6199951171875,611639
2025-11-10 20:00:00+00:00,269.3399963378906,269.3399963378906,269.6300048828125,269.17999267578125,269.5199890136719,572694
2025-11-10 20:15:00+00:00,269.11859130859375,269.11859130859375,269.389892578125,269.04998779296875,269.3299865722656,538536
2025-11-10 20:30:00+00:00,269.0050048828125,269.0050048828125,269.29998779296875,268.80499267578125,269.1000061035156,791431
2025-11-10 20:45:00+00:00,269.3599853515625,269.3599853515625,269.6000061035156,268.760009765625,269.0,2101463
2025-11-11 14:30:00+00:00,273.15509033203125,273.15509033203125,273.2099914550781,269.79998779296875,269.80999755859375,3003743
2025-11-11 14:45:00+00:00,273.8399963378906,273.8399963378906,274.3699951171875,272.9700012207031,273.1499938964844,2904022
2025-11-11 15:00:00+00:00,273.385009765625,273.385009765625,273.8450012207031,272.5199890136719,273.8349914550781,1490486
2025-11-11 15:15:00+00:00,274.1000061035156,274.1000061035156,274.739990234375,272.7701110839844,273.3699951171875,1846457
2025-11-11 15:30:00+00:00,273.1982116699219,273.1982116699219,274.3460998535156,273.010009765625,274.1000061035156,1184591
2025-11-11 15:45:00+00:00,272.9617004394531,272.9617004394531,273.3900146484375,272.614990234375,273.2099914550781,946616
2025-11-11 16:00:00+00:00,273.2007141113281,273.2007141113281,273.5799865722656,272.8800048828125,272.9800109863281,606868
2025-11-11 16:15:00+00:00,272.5,272.5,273.1910095214844,272.42999267578125,273.19000244140625,714421
2025-11-11 16:30:00+00:00,271.875,271.875,272.5325012207031,271.7799987792969,272.510009765625,674299
2025-11-11 16:45:00+00:00,271.95001220703125,271.95001220703125,272.25,271.81781005859375,271.8800048828125,529409
2025-11-11 17:00:00+00:00,272.5755920410156,272.5755920410156,272.80999755859375,271.8717956542969,271.92999267578125,574059
2025-11-11 17:15:00+00:00,273.31500244140625,273.31500244140625,273.614990234375,272.50738525390625,272.57000732421875,747847
2025-11-11 17:30:00+00:00,273.5799865722656,273.5799865722656,273.5799865722656,273.0299987792969,273.3299865722656,535060
2025-11-11 17:45:00+00:00,273.8299865722656,273.8299865722656,273.8999938964844,273.3450012207031,273.5790100097656,724813
2025-11-11 18:00:00+00:00,274.12701416015625,274.12701416015625,274.3299865722656,273.70001220703125,273.8299865722656,689124
2025-11-11 18:15:00+00:00,274.4800109863281,274.4800109863281,274.70001220703125,274.04998779296875,274.1300048828125,685769
2025-11-11 18:30:00+00:00,274.45001220703125,274.45001220703125,274.9800109863281,274.1600036621094,274.489990234375,1000581
2025-11-11 18:45:00+00:00,274.4599914550781,274.4599914550781,274.6890869140625,274.2850036621094,274.44000244140625,480527
2025-11-11 19:00:00+00:00,274.8949890136719,274.8949890136719,275.1199951171875,274.19000244140625,274.45001220703125,1088683
2025-11-11 19:15:00+00:00,275.32000732421875,275.32000732421875,275.6600036621094,274.8800048828125,274.8900146484375,885514
2025-11-11 19:30:00+00:00,275.1099853515625,275.1099853515625,275.4800109863281,275.0603942871094,275.3299865722656,589451
2025-11-11 19:45:00+00:00,275.54998779296875,275.54998779296875,275.54998779296875,275.04998779296875,275.1090087890625,581453
2025-11-11 20:00:00+00:00,275.42181396484375,275.42181396484375,275.760009765625,275.3999938964844,275.5400085449219,780130
2025-11-11 20:15:00+00:00,275.25,275.25,275.5400085449219,275.2200012207031,275.42999267578125,702397
2025-11-11 20:30:00+00:00,275.45001220703125,275.45001220703125,275.54998779296875,275.010009765625,275.239990234375,847339
2025-11-11 20:45:00+00:00,275.29998779296875,275.29998779296875,275.8450012207031,274.79998779296875,275.4700012207031,3192479
2025-11-12 14:30:00+00:00,272.29779052734375,272.29779052734375,275.239990234375,272.04998779296875,275.07501220703125,7079670
2025-11-12 14:45:00+00:00,272.1600036621094,272.1600036621094,272.75,271.8699951171875,272.30999755859375,1470796
2025-11-12 15:00:00+00:00,272.8999938964844,272.8999938964844,273.4100036621094,272.0,272.1600036621094,1067752
2025-11-12 15:15:00+00:00,272.94000244140625,272.94000244140625,273.44989013671875,272.6600036621094,272.90679931640625,1100207
2025-11-12 15:30:00+00:00,273.8949890136719,273.8949890136719,274.39898681640625,272.54998779296875,272.9100036621094,1168312
2025-11-12 15:45:00+00:00,274.13250732421875,274.13250732421875,274.239990234375,273.57000732421875,273.8900146484375,838347
2025-11-12 16:00:00+00:00,274.2099914550781,274.2099914550781,274.32000732421875,273.80999755859375,274.1099853515625,716885
2025-11-12 16:15:00+00:00,274.6000061035156,274.6000061035156,274.6099853515625,274.0199890136719,274.2099914550781,604621
2025-11-12 16:30:00+00:00,274.7699890136719,274.7699890136719,274.8500061035156,274.2099914550781,274.5899963378906,882321
2025-11-12 16:45:00+00:00,274.17010498046875,274.17010498046875,274.8500061035156,273.8699951171875,274.7749938964844,527043
2025-11-12 17:00:00+00:00,273.94000244140625,273.94000244140625,274.2598876953125,273.7250061035156,274.20001220703125,353310
2025-11-12 17:15:00+00:00,274.3900146484375,274.3900146484375,274.45989990234375,273.8500061035156,273.95001220703125,341667
2025-11-12 17:30:00+00:00,274.44000244140625,274.44000244140625,274.79998779296875,274.3599853515625,274.3800048828125,348686
2025-11-12 17:45:00+00:00,274.55999755859375,274.55999755859375,274.6199951171875,274.1199951171875,274.4200134277344,337636
2025-11-12 18:00:00+00:00,275.04998779296875,275.04998779296875,275.1400146484375,274.5,274.5799865722656,580910
2025-11-12 18:15:00+00:00,274.9800109863281,274.9800109863281,275.1199951171875,274.75,275.04998779296875,374895
2025-11-12 18:30:00+00:00,275.2099914550781,275.2099914550781,275.3500061035156,274.7391052246094,274.989990234375,488100
2025-11-12 18:45:00+00:00,275.4100036621094,275.4100036621094,275.4599914550781,274.95361328125,275.20001220703125,430554
2025-11-12 19:00:00+00:00,274.9599914550781,274.9599914550781,275.7300109863281,274.9599914550781,275.44000244140625,675200
2025-11-12 19:15:00+00:00,274.45001220703125,274.45001220703125,275.1044921875,274.42999267578125,274.9700012207031,419713
2025-11-12 19:30:00+00:00,274.360107421875,274.360107421875,274.4903869628906,274.1400146484375,274.45001220703125,461288
2025-11-12 19:45:00+00:00,274.3399963378906,274.3399963378906,274.69000244140625,274.1400146484375,274.3500061035156,488163
2025-11-12 20:00:00+00:00,273.6000061035156,273.6000061035156,274.4110107421875,273.53009033203125,274.3349914550781,640013
2025-11-12 20:15:00+00:00,274.04998779296875,274.04998779296875,274.1000061035156,273.5,273.5899963378906,470036
2025-11-12 20:30:00+00:00,273.94000244140625,273.94000244140625,274.25,273.614990234375,274.04998779296875,747234
2025-11-12 20:45:00+00:00,273.3999938964844,273.3999938964844,274.3999938964844,272.9700012207031,273.94000244140625,2822288
