entry_idx,entry_time,entry_price,stop,target,exit_idx,exit_time,exit_price,pnl,exit_reason,confidence,pattern,trade_type,tenure
10,2018-01-17,41.98442077636719,41.24354022128613,43.4661818865293,15,2018-01-24,41.24354022128613,-0.7408805550810555,stop,0.945032388769943,engulf,LONG,swing
17,2018-01-26,40.205169677734375,41.067411474190955,38.480686084821215,18,2018-01-29,39.37300109863281,0.8321685791015625,signal_exit,0.5989680666981272,pin,SHORT,swing
24,2018-02-06,38.21731185913086,36.81732946650016,41.017276644392254,25,2018-02-07,37.39918899536133,-0.8181228637695312,signal_exit,0.7,engulf,LONG,swing
27,2018-02-09,36.81494522094727,38.51886408072441,33.40710750139299,28,2018-02-12,38.51886408072441,-1.70391885977714,stop,0.6226145407400043,pin,SHORT,swing
59,2018-03-28,39.1851692199707,40.612295309698126,36.33091704051586,60,2018-03-29,39.49116897583008,-0.305999755859375,signal_exit,0.529399852782753,pin,SHORT,swing
61,2018-04-02,39.23224639892578,37.69743509486933,42.30186900703869,62,2018-04-03,39.63473892211914,0.4024925231933594,signal_exit,0.5022379551180092,pin,LONG,swing
63,2018-04-04,40.39263916015625,38.75342278121353,43.67107191804169,64,2018-04-05,40.67274475097656,0.2801055908203125,signal_exit,0.7,engulf,LONG,swing
81,2018-04-30,38.89800262451172,37.680697671489995,41.33261253055517,82,2018-05-01,39.80184555053711,0.9038429260253906,signal_exit,0.6726195041164849,engulf,LONG,swing
86,2018-05-07,43.58196640014648,45.1901629597127,40.36557328101403,87,2018-05-08,43.79144287109375,-0.20947647094727273,signal_exit,0.9410968567919915,pin,SHORT,swing
103,2018-05-31,44.15406036376953,44.95505761098276,42.55206586934307,104,2018-06-01,44.95505761098276,-0.8009972472132318,stop,0.643300722786014,pin,SHORT,swing
105,2018-06-04,45.32602310180664,44.46705236758112,47.043964570257685,115,2018-06-18,44.46705236758112,-0.8589707342255224,stop,0.757246846873412,pin,LONG,swing
116,2018-06-19,43.8752555847168,42.980589222932245,45.6645883082859,118,2018-06-21,43.8209114074707,-0.05434417724609375,signal_exit,0.6847221633535344,pin,LONG,swing
137,2018-07-19,45.33784103393555,44.352035892720075,47.30945131636649,146,2018-08-01,47.30945131636649,1.9716102824309445,target,0.9173905931375625,engulf,LONG,swing
150,2018-08-07,48.93640899658203,50.279166250300015,46.25089448914606,151,2018-08-08,48.96949768066406,-0.03308868408203125,signal_exit,1.0,engulf,SHORT,swing
156,2018-08-15,49.850189208984375,48.453583264958226,52.64340109703667,166,2018-08-29,52.64340109703667,2.793211888052298,target,1.0,engulf,LONG,swing
169,2018-09-04,54.14665222167969,55.32212715104563,51.79570236294781,170,2018-09-05,53.79335021972656,0.353302001953125,signal_exit,0.8713731779123485,pin,SHORT,swing
172,2018-09-07,52.472652435302734,53.762701977442376,49.89255335102345,173,2018-09-10,51.76842498779297,0.7042274475097656,signal_exit,0.7521457316214651,pin,SHORT,swing
174,2018-09-11,53.07727813720703,51.63759435767503,55.95664569627104,178,2018-09-17,51.63759435767503,-1.4396837795320039,stop,0.85,engulf,LONG,swing
182,2018-09-21,51.60956954956055,53.421181725622674,47.98634519743629,183,2018-09-24,52.35172653198242,-0.742156982421875,signal_exit,0.85,engulf,SHORT,swing
196,2018-10-11,50.84843444824219,52.67478082824247,47.195741688241625,197,2018-10-12,52.67478082824247,-1.826346380000281,stop,0.5774373708952105,pin,SHORT,swing
204,2018-10-23,52.811710357666016,50.51842028457151,57.39829050385502,205,2018-10-24,51.00019454956055,-1.8115158081054688,signal_exit,0.7,engulf,LONG,swing
207,2018-10-26,51.287105560302734,48.85536005580554,56.15059656929712,208,2018-10-29,50.32442474365234,-0.9626808166503977,signal_exit,0.5069147435936462,pin,LONG,swing
209,2018-10-30,50.57576370239258,53.10074495290957,45.52580120135859,210,2018-10-31,51.89408874511719,-1.3183250427246094,signal_exit,0.7,inside,SHORT,swing
219,2018-11-13,45.73887252807617,43.00403279688719,51.20855199045414,220,2018-11-14,44.44686126708984,-1.2920112609863352,signal_exit,0.6455497828350492,pin,LONG,swing
221,2018-11-15,45.54375457763672,48.27752380342995,40.076216126050255,222,2018-11-16,46.04819107055664,-0.5044364929199219,signal_exit,0.7,inside,SHORT,swing
248,2018-12-27,37.15406036376953,34.96468792701831,41.53280523727197,249,2018-12-28,37.17310333251953,0.01904296875,signal_exit,0.7,pin,LONG,swing
254,2019-01-07,35.19820785522461,37.55405091359148,30.486521738490865,255,2019-01-08,35.86919021606445,-0.6709823608398438,signal_exit,0.7271321886668655,pin,SHORT,swing
271,2019-01-31,39.60245132446289,38.126636526626164,42.55408092013634,297,2019-03-11,42.55408092013634,2.9516295956734524,target,0.8306302838683075,pin,LONG,position
308,2019-03-26,44.635101318359375,46.263947887291,41.37740818049612,309,2019-03-27,45.03654861450195,-0.4014472961425781,signal_exit,0.9516267188178027,engulf,SHORT,swing
318,2019-04-09,47.67225646972656,49.15081309091193,44.715143227355824,319,2019-04-10,47.93989562988281,-0.26763916015625,signal_exit,0.8795570748732287,pin,SHORT,swing
333,2019-05-01,50.30559158325195,48.93661356726698,53.0435476152219,336,2019-05-06,48.93661356726698,-1.3689780159849718,stop,0.7651310423406169,pin,LONG,swing
339,2019-05-09,47.96379470825195,46.20053347879728,51.490317167161294,341,2019-05-13,46.20053347879728,-1.7632612294546703,stop,0.748007842183652,pin,LONG,swing
344,2019-05-16,45.59619140625,43.27951872132128,50.22953677610744,345,2019-05-17,45.33712387084961,-0.2590675354003906,signal_exit,0.5633604600329557,pin,LONG,swing
346,2019-05-20,43.91944122314453,46.371796270356846,39.0147311287199,347,2019-05-21,44.76142120361328,-0.84197998046875,signal_exit,0.5761663392468834,pin,SHORT,swing
349,2019-05-23,43.09665298461914,45.34760970037146,38.59473955311451,350,2019-05-24,42.93113708496094,0.16551589965820312,signal_exit,0.5710635895658793,pin,SHORT,swing
369,2019-06-21,47.683135986328125,49.15736558667542,44.73467678563354,370,2019-06-24,47.63516616821289,0.047969818115234375,signal_exit,0.9037027827384301,pin,SHORT,swing
395,2019-07-30,50.08192443847656,49.10835779139135,52.02905773264699,396,2019-07-31,52.02905773264699,1.9471332941704276,target,0.8035079077835696,pin,LONG,swing
400,2019-08-06,47.25615310668945,45.38509716483332,50.99826499040172,401,2019-08-07,47.74550628662109,0.4893531799316335,signal_exit,0.7,pin,LONG,swing
406,2019-08-14,48.82024002075195,51.13445823820333,44.1918035858492,407,2019-08-15,48.57705307006836,0.24318695068359375,signal_exit,0.85,pin,SHORT,swing
423,2019-09-09,51.570068359375,53.139677112995116,48.43085085213477,424,2019-09-10,52.17927169799805,-0.6092033386230469,signal_exit,0.8309120047282403,pin,SHORT,swing
434,2019-09-24,52.41524505615234,53.896621860908006,49.452491446641,435,2019-09-25,53.22189331054688,-0.8066482543945455,signal_exit,0.85,engulf,SHORT,swing
439,2019-10-01,54.0791130065918,55.46013309187029,51.31707283603481,440,2019-10-02,52.72345733642578,1.3556556701660156,signal_exit,0.7634318953901019,pin,SHORT,swing
443,2019-10-07,54.67384719848633,53.05160680457561,57.91832798630776,453,2019-10-21,57.91832798630776,3.2444807878214306,target,0.8806843703598671,pin,LONG,swing
461,2019-10-31,59.899017333984375,58.418157170724804,62.86073766050352,466,2019-11-07,62.86073766050352,2.961720326519142,target,0.9351807864871997,pin,LONG,swing
470,2019-11-13,63.87300491333008,62.309028309053915,67.0009581218824,483,2019-12-03,62.309028309053915,-1.5639766042761636,stop,1.0,engulf,LONG,position
488,2019-12-10,64.84149932861328,66.45540927443018,61.61367943697948,489,2019-12-11,65.3945541381836,-0.5530548095703125,signal_exit,0.85,pin,SHORT,swing
490,2019-12-12,65.56121063232422,63.96955681479401,68.74451826738463,498,2019-12-24,68.74451826738463,3.183307635060416,target,0.8255111609737557,engulf,LONG,swing
501,2019-12-30,70.40595245361328,68.85439845147184,73.50906045789617,507,2020-01-08,73.50906045789617,3.1031080042828876,target,0.9121191198033072,engulf,LONG,swing
509,2020-01-10,74.94881439208984,76.88075367953856,71.08493581719242,510,2020-01-13,76.55004119873047,-1.601226806640625,signal_exit,0.7882335070942829,pin,SHORT,swing
519,2020-01-27,74.61551666259766,76.63750296199737,70.57154406379823,520,2020-01-28,76.63750296199737,-2.021986299399714,stop,0.686285439671171,pin,SHORT,swing
521,2020-01-29,78.3324203491211,80.5849676350871,73.82732577718909,522,2020-01-30,78.21890258789062,0.11351776123046875,signal_exit,0.6602005103556918,pin,SHORT,swing
538,2020-02-24,72.18536376953125,69.28452706924739,77.98703717009897,539,2020-02-25,69.28452706924739,-2.900836700283861,stop,0.5148497288116916,pin,LONG,swing
540,2020-02-26,70.84661865234375,74.03095670826747,64.47794254049631,541,2020-02-27,66.21549224853516,4.631126403808594,signal_exit,0.7,inside,SHORT,swing
545,2020-03-04,73.28925323486328,78.2944714738462,63.27881675689744,546,2020-03-05,70.9119644165039,2.377288818359375,signal_exit,0.7,inside,SHORT,swing
548,2020-03-09,64.43616485595703,58.60794156035123,76.09261144716864,549,2020-03-10,69.07695770263672,4.6407928466796875,signal_exit,0.6159704652870047,pin,LONG,swing
550,2020-03-11,66.6778564453125,73.06997122836137,53.893626879214764,551,2020-03-12,60.09312057495117,6.584735870361328,signal_exit,0.7,inside,SHORT,swing
553,2020-03-16,58.635772705078125,51.02665298871745,73.85401213779947,554,2020-03-17,61.21397399902344,2.5782012939453125,signal_exit,0.6536685897446153,pin,LONG,swing
558,2020-03-23,54.31695175170898,61.5694234248104,39.81200840550613,559,2020-03-24,59.76630401611328,-5.449352264404304,signal_exit,0.5960351153819923,pin,SHORT,swing
576,2020-04-17,68.46205139160156,72.1283676964621,61.129418781880474,577,2020-04-20,67.04100799560547,1.4210433959960938,signal_exit,0.8354801439675775,pin,SHORT,swing
586,2020-05-01,69.97996520996094,66.79531645489325,76.3492627200963,592,2020-05-11,76.3492627200963,6.369297510135368,target,0.9020531493459027,pin,LONG,swing
605,2020-05-29,77.17733001708984,79.89126589366535,71.74945826393883,606,2020-06-01,78.1264419555664,-0.9491119384765625,signal_exit,0.85,inside,SHORT,swing
617,2020-06-16,85.46453857421875,82.20781526968261,91.97798518329103,632,2020-07-08,91.97798518329103,6.513446609072275,target,0.9179236557708006,pin,LONG,position
650,2020-08-03,105.77473449707033,101.06701706325552,115.19016936469994,664,2020-08-21,115.19016936469994,9.415434867629614,target,0.8883845627302049,pin,LONG,position
666,2020-08-25,121.41949462890624,116.52620185197003,131.20608018277863,672,2020-09-02,131.20608018277863,9.7865855538724,target,0.9092836446051,pin,LONG,swing
674,2020-09-04,117.65995025634766,109.85909816336566,133.26165444231165,675,2020-09-08,109.85909816336566,-7.800852092981998,stop,0.7366511180251476,pin,LONG,swing
683,2020-09-18,103.92516326904295,113.91593186645915,83.94362607421057,684,2020-09-21,107.07676696777344,-3.151603698730483,signal_exit,0.7,engulf,SHORT,swing
719,2020-11-09,113.34173583984376,119.40582637307534,101.21355477338061,720,2020-11-10,113.0007095336914,0.34102630615235796,signal_exit,1.0,engulf,SHORT,swing
740,2020-12-09,118.66193389892578,122.55917576084491,110.86745017508753,741,2020-12-10,120.08455657958984,-1.4226226806640625,signal_exit,1.0,engulf,SHORT,swing
747,2020-12-18,123.41699981689452,127.58777010685422,115.0754592369751,748,2020-12-21,124.9468002319336,-1.5298004150390767,signal_exit,1.0,engulf,SHORT,swing
749,2020-12-22,128.50332641601562,123.90034453470004,137.7092901786468,756,2021-01-04,123.90034453470004,-4.602981881315586,stop,0.8126045032569117,pin,LONG,swing
758,2021-01-06,123.35853576660156,128.78835408148166,112.49889913684137,759,2021-01-07,127.56792449951172,-4.209388732910156,signal_exit,0.7352246420968902,pin,SHORT,swing
770,2021-01-25,139.26068115234375,145.28036521213116,127.22131303276893,771,2021-01-26,139.49452209472656,-0.2338409423828125,signal_exit,0.8984796540628527,pin,SHORT,swing
790,2021-02-23,122.82073211669922,118.30793940067112,131.84631754875542,791,2021-02-24,122.32306671142578,-0.4976654052734375,signal_exit,0.5581732184400274,pin,LONG,swing
793,2021-02-26,118.33181762695312,123.49686355869797,108.00172576346344,794,2021-03-01,123.49686355869797,-5.165045931744842,stop,0.7,inside,SHORT,swing
798,2021-03-05,118.48795318603516,112.01805724940358,131.4277450592983,799,2021-03-08,113.55013275146484,-4.9378204345703125,signal_exit,0.6121282854823351,pin,LONG,swing
808,2021-03-19,117.09249114990234,111.53953928948035,128.19839487074634,809,2021-03-22,120.41036987304688,3.3178787231445312,signal_exit,0.7791434151785732,pin,LONG,swing
816,2021-03-31,119.20033264160156,114.87695907990727,127.84707976499016,817,2021-04-01,120.02979278564452,0.8294601440429545,signal_exit,0.6812232809683243,pin,LONG,swing
829,2021-04-20,129.89566040039062,133.91792188598606,121.85113742919975,830,2021-04-21,130.27627563476562,-0.380615234375,signal_exit,0.8872181728145859,engulf,SHORT,swing
836,2021-04-29,130.2567138671875,134.1326014052737,122.50493879101509,837,2021-04-30,128.28550720214844,1.9712066650390625,signal_exit,0.85,engulf,SHORT,swing
846,2021-05-13,122.15937042236328,117.78395715071699,130.91019696565587,847,2021-05-14,124.58358764648438,2.4242172241210938,signal_exit,0.5497355949718636,pin,LONG,swing
869,2021-06-16,127.22286987304688,130.04438201823297,121.5798455826747,870,2021-06-17,128.8260040283203,-1.6031341552734375,signal_exit,0.8781880290357427,pin,SHORT,swing
871,2021-06-18,127.5259017944336,124.63735745745258,133.30299046839562,878,2021-06-29,133.30299046839562,5.777088673962027,target,1.0,pin,LONG,swing
897,2021-07-27,143.46908569335938,148.19988231866373,134.00749244275067,898,2021-07-28,141.71934509277344,1.7497406005859375,signal_exit,0.85,engulf,SHORT,swing
911,2021-08-16,147.9425506591797,144.6180040774414,154.59164382265624,913,2021-08-18,144.6180040774414,-3.324546581738275,stop,0.85,engulf,LONG,swing
922,2021-08-31,148.63766479492188,144.61617613140487,156.68064212195588,931,2021-09-14,144.61617613140487,-4.021488663517005,stop,1.0,inside,LONG,swing
932,2021-09-15,145.8965301513672,141.47856158902275,154.73246727605607,934,2021-09-17,142.9889373779297,-2.9075927734375,signal_exit,0.735341656891788,pin,LONG,swing
943,2021-09-30,138.52484130859375,142.73617078673396,130.10218235231332,944,2021-10-01,139.6506805419922,-1.1258392333984375,signal_exit,0.7,engulf,SHORT,swing
955,2021-10-18,143.4686737060547,139.2615267182754,151.88296768161325,977,2021-11-17,151.88296768161325,8.414293975558564,target,0.85,engulf,LONG,position
980,2021-11-22,157.86448669433594,162.10342645520285,149.3866071726021,981,2021-11-23,158.24685668945312,-0.3823699951171875,signal_exit,0.9421282453355144,pin,SHORT,swing
992,2021-12-09,171.13909912109375,178.36711764918417,156.68306206491292,993,2021-12-10,175.93325805664062,-4.794158935546875,signal_exit,0.8600699854960694,pin,SHORT,swing
995,2021-12-14,170.91363525390625,178.6479603529478,155.44498505582317,996,2021-12-15,175.78627014160156,-4.8726348876953125,signal_exit,0.780108936189,pin,SHORT,swing
1022,2022-01-24,158.4527130126953,152.0734393729802,171.21126029212553,1023,2022-01-25,156.64877319335938,-1.8039398193359375,signal_exit,0.5800001606187035,pin,LONG,swing
1025,2022-01-27,156.0997772216797,162.9895574613643,142.32021674231044,1026,2022-01-28,162.9895574613643,-6.889780239684626,stop,0.7,inside,SHORT,swing
1046,2022-02-28,162.0903778076172,155.36326803473915,175.54459735337326,1047,2022-03-01,160.20559692382812,-1.8847808837890625,signal_exit,0.7,engulf,LONG,swing
1052,2022-03-08,154.55133056640625,162.0136367749043,139.62671814941012,1053,2022-03-09,159.96018981933594,-5.4088592529296875,signal_exit,0.529378333818252,pin,SHORT,swing
1056,2022-03-14,147.85643005371094,155.89510780623118,131.77907454867045,1057,2022-03-15,152.24441528320312,-4.3879852294921875,signal_exit,0.5656721856566982,pin,SHORT,swing
1083,2022-04-21,163.36651611328125,169.3689712051928,151.36160592945816,1084,2022-04-22,158.82144165039062,4.545074462890625,signal_exit,0.6254911439466049,engulf,SHORT,swing
1087,2022-04-27,153.69728088378906,147.10794509842188,166.87595245452343,1088,2022-04-28,160.63755798339844,6.940277099609375,signal_exit,0.5920629867860613,pin,LONG,swing
1090,2022-05-02,155.06175231933594,147.3344010397479,170.51645487851204,1091,2022-05-03,156.5538787841797,1.49212646484375,signal_exit,0.5774200296562475,pin,LONG,swing
1098,2022-05-12,140.14991760253906,149.92492163913994,120.59990952933731,1099,2022-05-13,144.62298583984375,-4.4730682373046875,signal_exit,0.5032431139502564,pin,SHORT,swing
1104,2022-05-20,135.26394653320312,144.8824846170241,116.0268703655612,1105,2022-05-23,140.6906280517578,-5.4266815185546875,signal_exit,0.5462298136880251,pin,SHORT,swing
1131,2022-06-30,134.40866088867188,141.02663254198575,121.17271758204413,1132,2022-07-01,136.58126831054688,-2.172607421875,signal_exit,0.7065219843099539,pin,SHORT,swing
1142,2022-07-18,144.5836639404297,150.61283664969773,132.5253185218936,1143,2022-07-19,148.44725036621094,-3.86358642578125,signal_exit,1.0,engulf,SHORT,swing
1150,2022-07-28,154.6898956298828,149.15157136442264,165.76654416080316,1159,2022-08-10,165.76654416080316,11.076648530920352,target,0.918265692244465,pin,LONG,swing
1164,2022-08-17,171.8374786376953,166.7037857625685,182.10486438794896,1167,2022-08-22,166.7037857625685,-5.133692875126826,stop,1.0,engulf,LONG,swing
1171,2022-08-26,161.07733154296875,165.7352394915484,151.76151564580942,1172,2022-08-29,158.8721466064453,2.2051849365234375,signal_exit,0.85,engulf,SHORT,swing
1173,2022-08-30,156.44053649902344,161.27247845966517,146.77665257773998,1174,2022-08-31,154.7768096923828,1.663726806640625,signal_exit,0.85,engulf,SHORT,swing
1176,2022-09-02,153.38868713378906,158.64886799455047,142.86832541226624,1177,2022-09-06,152.12855529785156,1.2601318359375,signal_exit,0.7,engulf,SHORT,swing
1179,2022-09-08,152.05966186523438,157.60779825805673,140.96338907958966,1180,2022-09-09,154.92445373535156,-2.8647918701171875,signal_exit,0.4934793695811721,pin,SHORT,swing
1183,2022-09-14,152.89645385742188,146.0129710195302,166.66341953320523,1184,2022-09-15,150.0021514892578,-2.8943023681640625,signal_exit,0.7,pin,LONG,swing
1185,2022-09-16,148.3581085205078,155.01269955506683,135.04892645138978,1186,2022-09-19,152.0793914794922,-3.721282958984375,signal_exit,0.6127507706172107,pin,SHORT,swing
1191,2022-09-26,148.42703247070312,141.471829985002,162.3374374421054,1192,2022-09-27,149.40162658691406,0.9745941162109375,signal_exit,0.5905565572074615,pin,LONG,swing
1204,2022-10-13,140.76791381835938,133.40872104548407,155.48629936410998,1205,2022-10-14,136.2295684814453,-4.5383453369140625,signal_exit,0.7,engulf,LONG,swing
1216,2022-10-31,150.95706176757812,143.18862036550777,166.49394457171883,1218,2022-11-02,143.18862036550777,-7.768441402070351,stop,1.0,pin,LONG,swing
1220,2022-11-04,136.45555114746094,144.8361608369261,119.69433176853062,1221,2022-11-07,136.98802185058594,-0.532470703125,signal_exit,0.5337204157444242,engulf,SHORT,swing
1244,2022-12-09,140.18301391601562,146.22530188993943,128.098437968168,1245,2022-12-12,142.48056030273438,-2.29754638671875,signal_exit,0.5766596744365374,pin,SHORT,swing
1259,2023-01-03,123.33064270019533,130.0924196058793,109.80708888882741,1260,2023-01-04,124.60270690917967,-1.2720642089843466,signal_exit,0.7,engulf,SHORT,swing
1281,2023-02-03,152.35134887695312,146.29533582481676,164.46337498122585,1293,2023-02-22,146.29533582481676,-6.056013052136365,stop,1.0,engulf,LONG,position
1301,2023-03-06,151.92225646972656,147.10242360035346,161.56192220847277,1305,2023-03-10,147.10242360035346,-4.819832869373101,stop,0.7978879444665349,pin,LONG,swing
1306,2023-03-13,148.6039581298828,143.5449888413657,158.72189670691705,1313,2023-03-22,158.72189670691705,10.117938577034238,target,0.7611103211373423,engulf,LONG,swing
1314,2023-03-23,156.9590301513672,151.48209186642228,167.912906721257,1340,2023-05-01,167.912906721257,10.953876569889815,target,0.8708013799901448,pin,LONG,position
1352,2023-05-17,170.78428649902344,166.65521164111075,179.0424362148488,1363,2023-06-02,179.0424362148488,8.258149715825368,target,0.85,engulf,LONG,position
1364,2023-06-05,177.5982666015625,181.65125480116953,169.49229020234844,1365,2023-06-06,177.2323455810547,0.3659210205078125,signal_exit,1.0,engulf,SHORT,swing
1366,2023-06-07,175.8577117919922,180.19997337065345,167.17318863466966,1367,2023-06-08,178.5773468017578,-2.719635009765625,signal_exit,0.8848333889030525,pin,SHORT,swing
1389,2023-07-12,187.67581176757807,183.44056790466956,196.14629949339508,1406,2023-08-04,183.44056790466956,-4.235243862908504,stop,0.6890086970488657,pin,LONG,position
1408,2023-08-08,177.81585693359375,172.64498479351258,188.1576012137561,1409,2023-08-09,176.22360229492188,-1.592254638671875,signal_exit,0.7,pin,LONG,swing
1415,2023-08-17,172.31222534179688,177.19567460656907,162.54532681225248,1416,2023-08-18,172.79747009277344,-0.4852447509765625,signal_exit,0.7,engulf,SHORT,swing
1425,2023-08-31,186.0476531982422,181.39819252167663,195.3465745513733,1428,2023-09-06,181.39819252167663,-4.649460676565553,stop,0.9048781622456468,pin,LONG,swing
1430,2023-09-08,176.45164489746094,182.2342977827175,164.8863391269478,1431,2023-09-11,177.62020874023438,-1.1685638427734375,signal_exit,0.7585697914850144,pin,SHORT,swing
1457,2023-10-17,175.43165588378906,170.64531988218866,185.00432788698987,1460,2023-10-20,171.20306396484375,-4.2285919189453125,signal_exit,0.8044191535997288,pin,LONG,swing
1465,2023-10-27,166.58827209472656,171.09449396279828,157.57582835858312,1466,2023-10-30,168.63816833496094,-2.049896240234375,signal_exit,0.7,inside,SHORT,swing
1477,2023-11-14,185.8663787841797,190.82173307097167,175.9556702105957,1478,2023-11-15,186.43161010742188,-0.5652313232421875,signal_exit,0.8519339065924822,pin,SHORT,swing
1495,2023-12-11,191.5581970214844,187.53581514563822,199.60296077317676,1509,2024-01-02,187.53581514563822,-4.022381875846179,stop,0.7765693645879336,pin,LONG,position
1510,2024-01-03,182.7031707763672,178.45344288007212,191.20262656895733,1511,2024-01-04,180.38282775878903,-2.3203430175781534,signal_exit,0.5661219202311859,pin,LONG,swing
1524,2024-01-24,192.86712646484372,197.8074472167041,182.98648496112295,1525,2024-01-25,192.53988647460935,0.327239990234375,signal_exit,1.0,engulf,SHORT,swing
1532,2024-02-05,186.1043701171875,191.66089784573361,174.99131466009527,1533,2024-02-06,187.71080017089844,-1.6064300537109375,signal_exit,0.5158351157608346,pin,SHORT,swing
1540,2024-02-15,182.5490875244141,177.59945318165717,192.44835620992794,1541,2024-02-16,181.0101318359375,-1.538955688476591,signal_exit,0.58025444278682,pin,LONG,swing
1547,2024-02-27,181.32785034179688,177.25310103264673,189.47734896009717,1548,2024-02-28,180.12648010253906,-1.2013702392578125,signal_exit,0.583332600260781,engulf,LONG,swing
1550,2024-03-01,178.37904357910156,174.00793274004002,187.12126525722465,1551,2024-03-04,174.00793274004002,-4.371110839061544,stop,0.5755558569643193,pin,LONG,swing
1553,2024-03-06,167.91416931152344,172.8299437019482,158.08262053067392,1554,2024-03-07,167.7950439453125,0.1191253662109375,signal_exit,0.7,engulf,SHORT,swing
1559,2024-03-14,171.76649475097656,166.54329502450972,182.21289420391025,1560,2024-03-15,171.3892364501953,-0.37725830078125,signal_exit,0.5318585385285387,pin,LONG,swing
1590,2024-04-29,172.26296997070312,166.86211551129733,183.0646788895147,1591,2024-04-30,169.1155548095703,-3.1474151611328125,signal_exit,0.795393188209561,pin,LONG,swing
1593,2024-05-02,171.7963104248047,166.57416789378635,182.24059548684136,1594,2024-05-03,182.24059548684136,10.44428506203667,target,0.8561258338057732,pin,LONG,swing
1595,2024-05-06,180.41441345214844,186.5014159657464,168.24040842495253,1596,2024-05-07,181.09950256347656,-0.685089111328125,signal_exit,0.7957662901754348,pin,SHORT,swing
1619,2024-06-10,192.00311279296875,196.42169836139428,183.1659416561177,1620,2024-06-11,196.42169836139428,-4.418585568425527,stop,0.7874990133629066,engulf,SHORT,swing
1622,2024-06-13,213.00100708007807,206.0514277494824,226.9001657412694,1627,2024-06-21,206.0514277494824,-6.949579330595668,stop,1.0,pin,LONG,swing
1655,2024-08-01,217.0971527099609,225.32927650675714,200.63290511636845,1656,2024-08-02,218.5885009765625,-1.491348266601591,signal_exit,0.7,engulf,SHORT,swing
1658,2024-08-06,206.03152465820312,216.5922403821051,184.91009321039917,1659,2024-08-07,208.60655212402344,-2.5750274658203125,signal_exit,0.7,inside,SHORT,swing
1675,2024-08-29,228.7255096435547,234.3095275106588,217.55747390934647,1676,2024-08-30,227.93917846679688,0.7863311767578125,signal_exit,0.8792075991917392,pin,SHORT,swing
1680,2024-09-06,219.79705810546875,226.20545565221892,206.98026301196842,1681,2024-09-09,219.8866424560547,-0.0895843505859375,signal_exit,0.85,engulf,SHORT,swing
1683,2024-09-11,221.6285400390625,214.4896157606452,235.9063885958971,1684,2024-09-12,221.738037109375,0.1094970703125,signal_exit,0.5746161091825722,pin,LONG,swing
1686,2024-09-16,215.31790161132807,222.74690331036453,200.45989821325514,1687,2024-09-17,215.78570556640625,-0.46780395507818184,signal_exit,0.5909099316129397,pin,SHORT,swing
1707,2024-10-15,232.7666931152344,226.26339755990995,245.77328422588332,1719,2024-10-31,226.26339755990995,-6.503295555324456,stop,0.8843743760151386,pin,LONG,position
1723,2024-11-06,221.6882476806641,215.80348876405208,233.45776551388812,1724,2024-11-07,226.42620849609372,4.737960815429631,signal_exit,0.5745903894739433,pin,LONG,swing
1728,2024-11-13,224.32366943359372,218.63245084048359,235.706106619814,1729,2024-11-14,227.4127197265625,3.0890502929687784,signal_exit,0.7,engulf,LONG,swing
1742,2024-12-04,242.150390625,236.86664642392597,252.71787902714806,1751,2024-12-17,252.71787902714806,10.567488402148058,target,0.8265726953097904,pin,LONG,swing
1767,2025-01-13,233.5708465576172,225.96072639845605,248.79108687593947,1768,2025-01-14,232.45480346679688,-1.1160430908203125,signal_exit,0.6078787804058512,pin,LONG,swing
1771,2025-01-17,229.16647338867188,237.4620165302854,212.5753871054448,1772,2025-01-21,221.85243225097656,7.3140411376953125,signal_exit,0.7,inside,SHORT,swing
1773,2025-01-22,223.0382232666016,231.7747041421189,205.56526151556696,1774,2025-01-23,222.8688507080078,0.16937255859377842,signal_exit,0.7,inside,SHORT,swing
1775,2025-01-24,221.991943359375,230.35475061404213,205.26632885004074,1776,2025-01-27,230.35475061404213,-8.362807254667132,stop,0.6703697168967071,engulf,SHORT,swing
1780,2025-01-31,235.16519165039065,245.54583757176394,214.40389980764408,1781,2025-02-03,227.2034454345703,7.961746215820341,signal_exit,0.85,engulf,SHORT,swing
1794,2025-02-21,244.95042419433597,252.65822172918664,229.53482912463463,1795,2025-02-24,246.49664306640625,-1.546218872070284,signal_exit,0.9158506661976185,pin,SHORT,swing
1799,2025-02-28,241.24948120117188,233.1842200955778,257.38000341236,1802,2025-03-05,233.1842200955778,-8.065261105594061,stop,1.0,engulf,LONG,swing
1803,2025-03-06,234.75538635253903,226.55011162678457,251.16593580404796,1804,2025-03-07,238.4862518310547,3.7308654785156534,signal_exit,0.5153191848554826,pin,LONG,swing
1809,2025-03-14,212.96871948242188,224.39218583562018,190.12178677602526,1810,2025-03-17,213.4774627685547,-0.5087432861328125,signal_exit,0.7,inside,SHORT,swing
1812,2025-03-19,214.7144317626953,203.65650216263506,236.8302909628158,1813,2025-03-20,213.5772247314453,-1.13720703125,signal_exit,0.581037355140331,pin,LONG,swing
1814,2025-03-21,217.73703002929688,207.42513103446603,238.36082801895856,1815,2025-03-24,220.19102478027344,2.4539947509765625,signal_exit,0.7,engulf,LONG,swing
1820,2025-03-31,221.58761596679688,213.10659227623606,238.5496633479185,1821,2025-04-01,222.64501953125,1.057403564453125,signal_exit,0.7216182778736411,engulf,LONG,swing
1825,2025-04-07,181.0169219970703,168.44341271668105,206.16394055784883,1826,2025-04-08,171.99899291992188,-9.017929077148438,signal_exit,0.5599075878298454,pin,LONG,swing
1827,2025-04-09,198.3644561767578,181.67495106320916,231.7434664038551,1828,2025-04-10,189.95504760742188,-8.409408569335938,signal_exit,0.6767508428535212,engulf,LONG,swing
1829,2025-04-11,197.6661529541016,178.9929333322371,235.01259219783057,1830,2025-04-14,202.02549743652344,4.359344482421847,signal_exit,0.7,engulf,LONG,swing
1843,2025-05-02,204.8485870361328,215.2983739561598,183.94901319607885,1844,2025-05-05,198.40435791015625,6.4442291259765625,signal_exit,0.8641822966522318,pin,SHORT,swing
1849,2025-05-12,210.5510406494141,219.9284874846276,191.79614697898708,1850,2025-05-13,212.6886138916016,-2.1375732421875,signal_exit,0.8075211918048272,pin,SHORT,swing
1853,2025-05-16,211.0205078125,202.47049895363037,228.12052553023926,1856,2025-05-21,202.47049895363037,-8.550008858869631,stop,1.0,inside,LONG,swing
1866,2025-06-05,200.40257263183597,207.16311466270656,186.88148857009477,1867,2025-06-06,203.68882751464844,-3.2862548828124716,signal_exit,0.7,engulf,SHORT,swing
1868,2025-06-09,201.2216339111328,208.11594972499526,187.43300228340792,1869,2025-06-10,202.44024658203125,-1.2186126708984375,signal_exit,0.85,engulf,SHORT,swing
1870,2025-06-11,198.55465698242188,205.4264998017409,184.81097134378382,1871,2025-06-12,198.97418212890625,-0.419525146484375,signal_exit,0.7,engulf,SHORT,swing
1877,2025-06-23,201.2715759277344,207.2508587644929,189.3130102542174,1878,2025-06-24,200.07293701171875,1.1986389160156534,signal_exit,0.7541911462378409,pin,SHORT,swing
1902,2025-07-29,211.03050231933597,215.39590696171865,202.2996930345706,1903,2025-07-30,208.81301879882807,2.2174835205078978,signal_exit,0.85,engulf,SHORT,swing
1905,2025-08-01,202.1505889892578,207.5658724033235,191.32002216112642,1906,2025-08-04,207.5658724033235,-5.415283414065698,stop,0.7,engulf,SHORT,swing
1911,2025-08-11,227.17999267578125,218.838159735492,243.86365855635972,1939,2025-09-19,243.86365855635972,16.683665880578474,target,1.0,pin,LONG,position
